year,idx,anchor_type,event_raw,distance_m_std,clock_deg_std
2007,3,tee,tap,-3.7216080000000002,180.0
2007,5,flange,flange,-1.61544,
2007,6,tee,tap,-0.420624,270.0
2007,7,valve,valve,0.0,
2007,8,tee,tap,0.429768,270.0
2007,9,tee,tee,2.462784,270.0
2007,10,tee,tap,3.4168080000000005,0.0
2007,14,weld,weld,8.650224,
2007,17,weld,weld,11.8872,
2007,19,weld,weld,16.431767999999998,
2007,20,weld,weld,28.59024,
2007,22,weld,weld,31.525464000000003,
2007,26,weld,weld,39.151559999999996,
2007,27,weld,weld,43.77232800000001,
2007,28,weld,weld,53.394864000000005,
2007,29,weld,weld,65.605152,
2007,30,weld,weld,77.80934400000001,
2007,32,weld,weld,81.96376800000002,
2007,33,weld,weld,94.180152,
2007,34,weld,weld,106.381296,
2007,36,weld,weld,109.46892,
2007,37,weld,weld,114.64747200000001,
2007,39,weld,weld,117.125496,
2007,40,weld,weld,124.157232,
2007,42,weld,weld,127.23266400000001,
2007,43,weld,weld,130.939032,
2007,45,weld,weld,135.943848,
2007,46,weld,weld,148.135848,
2007,47,weld,weld,160.37052,
2007,48,weld,weld,172.64176799999998,
2007,50,weld,weld,184.84596000000002,
2007,52,weld,weld,194.39229600000002,
2007,54,weld,weld,197.32752,
2007,56,weld,weld,199.768968,
2007,59,weld,weld,204.365352,
2007,61,weld,weld,206.76412800000003,
2007,64,weld,weld,209.431128,
2007,65,weld,weld,212.594952,
2007,66,weld,weld,224.77780800000002,
2007,68,weld,weld,228.21900000000002,
2007,69,weld,weld,230.04780000000002,
2007,70,weld,weld,239.36553600000002,
2007,71,weld,weld,250.902216,
2007,72,weld,weld,263.10031200000003,
2007,73,weld,weld,275.304504,
2007,74,weld,weld,287.520888,
2007,76,weld,weld,291.321744,
2007,79,weld,weld,300.34382400000004,
2007,81,weld,weld,304.574448,
2007,82,weld,weld,316.77864,
2007,84,weld,weld,328.95844800000003,
2007,85,weld,weld,341.144352,
2007,86,weld,weld,353.333304,
2007,88,weld,weld,365.540544,
2007,93,weld,weld,377.7234,
2007,104,weld,weld,389.909304,
2007,110,weld,weld,402.110448,
2007,118,weld,weld,414.311592,
2007,143,weld,weld,426.503592,
2007,168,weld,weld,438.67730400000005,
2007,181,weld,weld,449.360544,
2007,190,weld,weld,461.54949600000003,
2007,195,weld,weld,473.75064000000003,
2007,205,weld,weld,485.94264,
2007,211,weld,weld,498.16512000000006,
2007,216,weld,weld,510.390648,
2007,219,weld,weld,522.5826480000001,
2007,220,weld,weld,534.7563600000001,
2007,222,weld,weld,546.942264,
2007,223,weld,weld,555.181008,
2007,224,weld,weld,567.3760560000001,
2007,225,weld,weld,579.534528,
2007,226,weld,weld,591.369912,
2007,227,weld,weld,603.552768,
2007,228,weld,weld,615.763056,
2007,229,weld,weld,627.9855360000001,
2007,230,weld,weld,640.211064,
2007,247,weld,weld,652.4122080000001,
2007,259,weld,weld,664.6164,
2007,267,weld,weld,676.8297360000001,
2007,292,weld,weld,688.963824,
2007,304,weld,weld,701.17716,
2007,308,weld,weld,704.3440320000001,
2007,309,weld,weld,716.542128,
2007,311,weld,weld,721.132416,
2007,313,weld,weld,728.386656,
2007,314,weld,weld,740.6213280000001,
2007,315,weld,weld,752.8438080000001,
2007,316,weld,weld,765.0632400000001,
2007,317,weld,weld,777.2796240000001,
2007,318,weld,weld,789.502104,
2007,319,weld,weld,801.7215360000001,
2007,320,weld,weld,813.934872,
2007,321,weld,weld,826.14516,
2007,322,weld,weld,838.3615440000001,
2007,323,weld,weld,850.57488,
2007,324,weld,weld,862.779072,
2007,325,weld,weld,874.971072,
2007,327,weld,weld,877.494816,
2007,328,weld,weld,886.87656,
2007,329,weld,weld,899.077704,
2007,331,weld,weld,911.2514160000001,
2007,341,weld,weld,923.379408,
2007,362,weld,weld,935.56836,
2007,363,tee,tap,937.3544880000001,0.0
2007,364,weld,weld,947.74512,
2007,365,weld,weld,959.458584,
2007,366,weld,weld,971.6597280000001,
2007,367,weld,weld,983.8639200000001,
2007,368,weld,weld,996.065064,
2007,369,weld,weld,1008.2723040000001,
2007,372,weld,weld,1020.50088,
2007,373,weld,weld,1032.70812,
2007,376,weld,weld,1044.903168,
2007,377,weld,weld,1057.082976,
2007,378,weld,weld,1069.2719280000001,
2007,379,weld,weld,1081.4456400000001,
2007,380,weld,weld,1093.649832,
2007,381,weld,weld,1105.841832,
2007,382,weld,weld,1118.033832,
2007,383,weld,weld,1130.207544,
2007,384,weld,weld,1140.74448,
2007,385,weld,weld,1152.7871280000002,
2007,386,weld,weld,1164.9608400000002,
2007,387,weld,weld,1177.143696,
2007,388,weld,weld,1189.323504,
2007,389,weld,weld,1201.50636,
2007,390,weld,weld,1213.689216,
2007,391,weld,weld,1225.85988,
2007,392,weld,weld,1238.0274960000002,
2007,393,weld,weld,1246.592376,
2007,394,weld,weld,1258.766088,
2007,395,weld,weld,1270.9306560000002,
2007,396,weld,weld,1283.089128,
2007,397,weld,weld,1295.268936,
2007,398,weld,weld,1307.4578880000001,
2007,399,weld,weld,1319.695608,
2007,400,weld,weld,1331.9394240000001,
2007,401,weld,weld,1344.149712,
2007,402,weld,weld,1356.3630480000002,
2007,403,weld,weld,1368.56724,
2007,404,weld,weld,1380.771432,
2007,406,weld,weld,1392.98172,
2007,408,weld,weld,1405.182864,
2007,409,weld,weld,1417.384008,
2007,410,weld,weld,1429.55772,
2007,411,weld,weld,1441.7405760000001,
2007,412,weld,weld,1453.923432,
2007,413,weld,weld,1466.112384,
2007,414,weld,weld,1478.2830480000002,
2007,415,weld,weld,1490.4872400000002,
2007,416,weld,weld,1499.0185920000001,
2007,418,weld,weld,1511.1709680000001,
2007,419,weld,weld,1523.3020080000001,
2007,421,weld,weld,1534.430256,
2007,422,weld,weld,1546.6314,
2007,423,weld,weld,1555.9217039999999,
2007,424,weld,weld,1568.1198000000002,
2007,425,weld,weld,1580.3453279999999,
2007,427,weld,weld,1592.1502320000002,
2007,428,weld,weld,1604.36052,
2007,431,weld,weld,1616.515944,
2007,433,weld,weld,1628.717088,
2007,451,weld,weld,1640.942616,
2007,452,weld,weld,1653.14376,
2007,453,weld,weld,1660.1206320000001,
2007,456,weld,weld,1672.3339680000001,
2007,457,weld,weld,1684.5442560000001,
2007,458,weld,weld,1691.539416,
2007,459,weld,weld,1703.7558000000001,
2007,460,weld,weld,1708.4161920000001,
2007,461,weld,weld,1720.620384,
2007,462,weld,weld,1732.821528,
2007,463,weld,weld,1745.013528,
2007,464,weld,weld,1753.084632,
2007,465,weld,weld,1765.2888240000002,
2007,467,weld,weld,1777.4838720000002,
2007,468,weld,weld,1789.67892,
2007,469,weld,weld,1801.87092,
2007,470,weld,weld,1814.0568240000002,
2007,471,weld,weld,1826.242728,
2007,472,weld,weld,1838.44692,
2007,473,weld,weld,1849.6970880000001,
2007,474,weld,weld,1861.8982320000002,
2007,475,weld,weld,1874.096328,
2007,476,weld,weld,1886.288328,
2007,477,weld,weld,1898.4864240000002,
2007,478,weld,weld,1910.711952,
2007,479,weld,weld,1922.9740560000002,
2007,480,weld,weld,1935.19044,
2007,481,weld,weld,1947.3976800000003,
2007,482,weld,weld,1953.301656,
2007,483,weld,weld,1965.4662240000002,
2007,484,weld,weld,1977.655176,
2007,485,weld,weld,1989.844128,
2007,486,weld,weld,2002.0300320000001,
2007,487,weld,weld,2014.215936,
2007,488,weld,weld,2026.395744,
2007,489,weld,weld,2038.581648,
2007,490,weld,weld,2050.743168,
2007,491,weld,weld,2062.91688,
2007,492,weld,weld,2072.6430480000004,
2007,493,weld,weld,2084.825904,
2007,494,weld,weld,2091.113928,
2007,495,weld,weld,2103.296784,
2007,498,weld,weld,2115.482688,
2007,501,weld,weld,2127.650304,
2007,502,weld,weld,2137.6568880000004,
2007,504,weld,weld,2149.8306000000002,
2007,505,weld,weld,2162.019552,
2007,506,weld,weld,2174.19936,
2007,507,weld,weld,2186.382216,
2007,508,weld,weld,2198.540688,
2007,509,weld,weld,2210.74488,
2007,510,weld,weld,2222.927736,
2007,511,tee,tap,2224.223136,0.0
2007,512,tee,tap,2224.832736,0.0
2007,513,weld,weld,2235.131928,
2007,514,weld,weld,2247.3269760000003,
2007,515,weld,weld,2259.4854480000004,
2007,516,weld,weld,2271.662208,
2007,517,weld,weld,2283.8328720000004,
2007,518,weld,weld,2296.018776,
2007,519,weld,weld,2308.2016320000002,
2007,520,weld,weld,2320.3540080000002,
2007,525,weld,weld,2332.5063840000003,
2007,526,weld,weld,2344.683144,
2007,527,weld,weld,2356.832472,
2007,528,weld,weld,2368.993992,
2007,529,weld,weld,2372.3132640000003,
2007,530,weld,weld,2384.486976,
2007,531,weld,weld,2396.678976,
2007,532,weld,weld,2408.8526880000004,
2007,533,weld,weld,2420.941056,
2007,534,weld,weld,2433.099528,
2007,535,weld,weld,2445.2580000000003,
2007,536,weld,weld,2457.43476,
2007,537,weld,weld,2469.623712,
2007,538,weld,weld,2481.812664,
2007,539,weld,weld,2494.004664,
2007,540,weld,weld,2506.1753280000003,
2007,541,weld,weld,2518.352088,
2007,542,weld,weld,2530.547136,
2007,543,weld,weld,2542.739136,
2007,544,weld,weld,2554.9158960000004,
2007,546,weld,weld,2567.123136,
2007,547,weld,weld,2574.7797120000005,
2007,548,weld,weld,2586.9717120000005,
2007,549,weld,weld,2599.172856,
2007,550,weld,weld,2611.3587600000005,
2007,551,weld,weld,2623.541616,
2007,552,weld,weld,2635.703136,
2007,553,weld,weld,2647.5080399999997,
2007,555,weld,weld,2659.675656,
2007,556,weld,weld,2671.843272,
2007,557,weld,weld,2684.010888,
2007,558,weld,weld,2696.1663120000003,
2007,559,weld,weld,2708.343072,
2007,562,weld,weld,2720.510688,
2007,563,weld,weld,2732.019936,
2007,564,weld,weld,2744.23632,
2007,565,weld,weld,2756.42832,
2007,566,weld,weld,2768.614224,
2007,567,weld,weld,2780.7970800000003,
2007,568,weld,weld,2792.9707920000005,
2007,569,weld,weld,2805.141456,
2007,570,weld,weld,2817.324312,
2007,571,weld,weld,2829.522408,
2007,572,tee,tap,2837.133264,0.0
2007,573,weld,weld,2841.729648,
2007,574,weld,weld,2853.939936,
2007,575,weld,weld,2866.104504,
2007,577,weld,weld,2869.603608,
2007,578,weld,weld,2881.813896,
2007,579,weld,weld,2886.9467280000003,
2007,581,weld,weld,2893.1981760000003,
2007,582,weld,weld,2905.420656,
2007,583,weld,weld,2917.6339920000005,
2007,584,weld,weld,2929.835136,
2007,585,weld,weld,2942.033232,
2007,586,weld,weld,2953.185864,
2007,587,weld,weld,2965.393104,
2007,588,weld,weld,2977.5881520000003,
2007,590,weld,weld,2980.139328,
2007,591,weld,weld,2984.7082800000003,
2007,592,weld,weld,2996.9002800000003,
2007,593,weld,weld,3008.372952,
2007,594,weld,weld,3020.568,
2007,595,weld,weld,3032.756952,
2007,596,weld,weld,3044.942856,
2007,597,weld,weld,3057.140952,
2007,598,weld,weld,3069.409152,
2007,599,weld,weld,3081.674304,
2007,600,weld,weld,3085.770816,
2007,601,weld,weld,3097.95672,
2007,603,weld,weld,3110.1609120000003,
2007,604,weld,weld,3122.365104,
2007,605,weld,weld,3134.572344,
2007,606,weld,weld,3146.767392,
2007,607,weld,weld,3158.959392,
2007,608,weld,weld,3165.213888,
2007,611,weld,weld,3177.375408,
2007,613,weld,weld,3189.570456,
2007,614,weld,weld,3201.744168,
2007,616,weld,weld,3213.939216,
2007,622,weld,weld,3226.131216,
2007,623,tee,tap,3236.5248960000004,0.0
2007,624,tee,tap,3237.131448,0.0
2007,625,weld,weld,3238.320168,
2007,626,weld,weld,3250.484736,
2007,627,weld,weld,3262.6554,
2007,628,weld,weld,3274.460304,
2007,630,weld,weld,3280.477056,
2007,631,weld,weld,3292.70868,
2007,632,weld,weld,3304.894584,
2007,633,weld,weld,3317.083536,
2007,634,weld,weld,3329.2511520000003,
2007,635,weld,weld,3341.427912,
2007,636,weld,weld,3353.610768,
2007,637,weld,weld,3365.793624,
2007,639,weld,weld,3377.9764800000003,
2007,640,weld,weld,3390.1501920000005,
2007,641,weld,weld,3402.302568,
2007,642,weld,weld,3414.4823760000004,
2007,643,weld,weld,3426.656088,
2007,644,weld,weld,3438.820656,
2007,645,weld,weld,3451.009608,
2007,646,weld,weld,3463.1955120000002,
2007,647,weld,weld,3475.372272,
2007,648,weld,weld,3487.5551280000004,
2007,649,weld,weld,3499.719696,
2007,650,weld,weld,3511.8873120000003,
2007,651,weld,weld,3524.0732160000002,
2007,652,weld,weld,3536.054904,
2007,653,weld,weld,3548.1828960000003,
2007,654,weld,weld,3560.356608,
2007,655,weld,weld,3572.524224,
2007,656,weld,weld,3584.697936,
2007,657,weld,weld,3596.908224,
2007,658,weld,weld,3609.057552,
2007,659,weld,weld,3621.2373600000005,
2007,660,weld,weld,3633.4415520000002,
2007,661,weld,weld,3645.624408,
2007,662,weld,weld,3657.8103120000005,
2007,663,weld,weld,3669.984024,
2007,664,weld,weld,3682.15164,
2007,665,weld,weld,3694.3284000000003,
2007,666,weld,weld,3706.5051600000006,
2007,668,weld,weld,3718.68192,
2007,669,weld,weld,3730.849536,
2007,670,weld,weld,3743.0323920000005,
2007,671,weld,weld,3755.2152480000004,
2007,672,weld,weld,3767.395056,
2007,674,weld,weld,3777.605856,
2007,675,weld,weld,3789.770424,
2007,676,weld,weld,3801.941088,
2007,677,weld,weld,3814.1178480000003,
2007,678,weld,weld,3826.273272,
2007,679,weld,weld,3834.731472,
2007,680,weld,weld,3846.938712,
2007,682,weld,weld,3850.9803600000005,
2007,683,weld,weld,3859.7433600000004,
2007,684,weld,weld,3871.892688,
2007,685,weld,weld,3884.060304,
2007,686,weld,weld,3896.246208,
2007,687,weld,weld,3908.4260160000003,
2007,688,weld,weld,3920.6027760000006,
2007,689,weld,weld,3932.776488,
2007,690,weld,weld,3944.977632,
2007,691,weld,weld,3957.1239120000005,
2007,692,weld,weld,3968.0144160000004,
2007,693,weld,weld,3980.172888,
2007,694,weld,weld,3992.36184,
2007,695,weld,weld,4004.5507920000005,
2007,699,weld,weld,4016.7397440000004,
2007,700,weld,weld,4028.913456,
2007,701,weld,weld,4041.1024079999997,
2007,702,weld,weld,4053.254784,
2007,703,weld,weld,4065.4345920000005,
2007,704,weld,weld,4077.6144000000004,
2007,706,weld,weld,4082.2107840000003,
2007,708,weld,weld,4094.4088800000004,
2007,709,weld,weld,4106.60088,
2007,710,weld,weld,4118.780688,
2007,711,weld,weld,4130.978784,
2007,712,weld,weld,4143.189072,
2007,713,weld,weld,4154.634312,
2007,714,weld,weld,4166.484936,
2007,715,weld,weld,4178.649504,
2007,716,weld,weld,4186.050048,
2007,717,weld,weld,4198.220712,
2007,718,weld,weld,4210.406616,
2007,720,weld,weld,4222.595568,
2007,721,weld,weld,4234.790616,
2007,722,weld,weld,4246.9673760000005,
2007,723,weld,weld,4250.402472,
2007,724,weld,weld,4262.554848000001,
2007,725,weld,weld,4270.802736000001,
2007,727,weld,weld,4275.2832960000005,
2007,728,weld,weld,4279.203024,
2007,729,weld,weld,4291.398072,
2007,730,weld,weld,4303.580928,
2007,731,weld,weld,4315.788168,
2007,733,weld,weld,4320.277872,
2007,734,weld,weld,4327.1694,
2007,735,weld,weld,4339.39188,
2007,736,weld,weld,4351.6539840000005,
2007,737,weld,weld,4363.833792,
2007,738,weld,weld,4376.010552,
2007,739,weld,weld,4388.2056,
2007,740,weld,weld,4400.3976,
2007,741,weld,weld,4412.595696,
2007,742,weld,weld,4424.772456,
2007,743,weld,weld,4436.979696,
2007,744,weld,weld,4449.168648,
2007,745,weld,weld,4461.360648,
2007,746,weld,weld,4473.561792,
2007,747,weld,weld,4475.6557680000005,
2007,748,weld,weld,4487.198544000001,
2007,749,weld,weld,4496.248056,
2007,750,weld,weld,4498.089048000001,
2007,751,weld,weld,4510.1438880000005,
2007,752,weld,weld,4522.345032,
2007,753,weld,weld,4534.549224,
2007,754,weld,weld,4536.3719280000005,
2007,755,weld,weld,4542.22104,
2007,758,weld,weld,4554.373416,
2007,764,tee,tap,4555.549944,90.0
2007,765,valve,valve,4555.979712,
2007,770,weld,weld,4557.579912,
2007,772,weld,weld,4561.600224,
2007,773,weld,weld,4573.770888,
2007,776,weld,weld,4585.9446,
2007,786,weld,weld,4598.109168,
2007,788,weld,weld,4610.2706880000005,
2007,789,weld,weld,4622.429160000001,
2007,790,weld,weld,4634.5693440000005,
2007,791,weld,weld,4646.544936,
2007,792,weld,weld,4649.86116,
2007,793,weld,weld,4652.903064,
2007,795,weld,weld,4655.78952,
2007,797,weld,weld,4660.846152,
2007,799,weld,weld,4663.458288,
2007,800,weld,weld,4669.694496,
2007,802,weld,weld,4673.4709680000005,
2007,804,weld,weld,4677.43032,
2007,806,weld,weld,4680.185712,
2007,808,weld,weld,4683.828072,
2007,810,valve,valve,4697.82144,
2007,813,weld,weld,4707.130032,
2007,814,weld,weld,4719.3647040000005,
2007,815,weld,weld,4731.599376,
2007,816,weld,weld,4743.776136,
2007,818,weld,weld,4755.9742320000005,
2007,819,weld,weld,4768.178424,
2007,820,weld,weld,4780.379568,
2007,822,weld,weld,4792.565472,
2007,823,weld,weld,4804.717848,
2007,824,weld,weld,4816.912896000001,
2007,825,weld,weld,4827.51384,
2007,826,weld,weld,4839.696696,
2007,827,weld,weld,4851.8917440000005,
2007,829,weld,weld,4864.108128000001,
2007,830,weld,weld,4876.309272,
2007,833,weld,weld,4888.464696,
2007,834,weld,weld,4900.351896,
2007,835,weld,weld,4912.5378,
2007,836,weld,weld,4924.711512000001,
2007,837,weld,weld,4936.897416000001,
2007,838,weld,weld,4949.074176,
2007,839,weld,weld,4961.266176,
2007,840,weld,weld,4973.4551280000005,
2007,841,weld,weld,4985.622744,
2007,842,weld,weld,4997.817792000001,
2007,844,weld,weld,5009.9793119999995,
2007,845,weld,weld,5022.125592,
2007,849,weld,weld,5034.302352000001,
2007,850,weld,weld,5046.4974,
2007,852,weld,weld,5058.686352000001,
2007,855,weld,weld,5070.8814,
2007,856,weld,weld,5083.052064,
2007,858,weld,weld,5095.241016,
2007,859,weld,weld,5107.429968,
2007,861,weld,weld,5119.618920000001,
2007,862,weld,weld,5131.79568,
2007,863,weld,weld,5143.98768,
2007,864,weld,weld,5156.161392000001,
2007,865,weld,weld,5168.3412,
2007,866,weld,weld,5180.511864,
2007,867,weld,weld,5192.676432,
2007,868,weld,weld,5204.865384000001,
2007,869,weld,weld,5217.112247999999,
2007,870,weld,weld,5229.371304,
2007,871,weld,weld,5232.97404,
2007,872,weld,weld,5245.16604,
2007,873,weld,weld,5257.333656000001,
2007,874,weld,weld,5269.525656000001,
2007,875,weld,weld,5281.711560000001,
2007,876,weld,weld,5293.909656000001,
2007,877,weld,weld,5306.104704,
2007,878,weld,weld,5318.293656000001,
2007,879,weld,weld,5330.4612720000005,
2007,880,weld,weld,5342.62584,
2007,882,weld,weld,5345.6342159999995,
2007,883,weld,weld,5353.235928,
2007,884,weld,weld,5362.763976,
2007,885,weld,weld,5374.9407360000005,
2007,886,weld,weld,5387.144928000001,
2007,887,weld,weld,5399.312544,
2007,888,weld,weld,5411.495400000001,
2007,889,weld,weld,5423.690447999999,
2007,890,weld,weld,5435.9007360000005,
2007,891,weld,weld,5445.550704,
2007,892,weld,weld,5457.751848,
2007,893,weld,weld,5469.934704,
2007,894,weld,weld,5482.1449920000005,
2007,895,weld,weld,5491.669992,
2007,896,weld,weld,5503.846752,
2007,897,weld,weld,5516.0113200000005,
2007,898,weld,weld,5528.185032,
2007,902,weld,weld,5540.340456000001,
2007,903,weld,weld,5542.842864,
2007,905,weld,weld,5555.04096,
2007,906,weld,weld,5567.223816,
2007,907,weld,weld,5579.397528,
2007,908,weld,weld,5591.546856000001,
2007,909,weld,weld,5603.751048,
2007,910,weld,weld,5615.976576,
2007,911,weld,weld,5628.186864,
2007,912,weld,weld,5638.723800000001,
2007,913,weld,weld,5650.934088000001,
2007,914,weld,weld,5663.092560000001,
2007,915,weld,weld,5675.26932,
2007,916,weld,weld,5687.46132,
2007,917,weld,weld,5699.644176,
2007,918,weld,weld,5711.842272,
2007,919,weld,weld,5724.03732,
2007,921,weld,weld,5734.738848,
2007,923,weld,weld,5738.390352,
2007,924,weld,weld,5750.603688000001,
2007,925,weld,weld,5762.71644,
2007,926,tee,tap,5764.322736,0.0
2007,927,weld,weld,5774.92368,
2007,928,weld,weld,5784.119496,
2007,929,weld,weld,5796.302352000001,
2007,930,weld,weld,5808.51264,
2007,931,weld,weld,5820.716832,
2007,932,weld,weld,5832.933215999999,
2007,933,weld,weld,5845.125215999999,
2007,934,weld,weld,5857.125192,
2007,935,weld,weld,5869.314144,
2007,937,weld,weld,5881.503096,
2007,938,weld,weld,5893.685952000001,
2007,939,weld,weld,5905.871856000001,
2007,940,weld,weld,5918.069952000001,
2007,941,weld,weld,5930.261952000001,
2007,942,weld,weld,5942.453952000001,
2007,943,weld,weld,5954.636808,
2007,944,weld,weld,5966.831856000001,
2007,945,weld,weld,5979.036048,
2007,946,weld,weld,5991.225,
2007,947,weld,weld,6003.413952000001,
2007,948,weld,weld,6015.609,
2007,949,weld,weld,6027.801,
2007,950,weld,weld,6040.0051920000005,
2007,951,weld,weld,6052.212432,
2007,952,weld,weld,6064.419672,
2007,954,weld,weld,6076.593384000001,
2007,955,weld,weld,6088.77624,
2007,956,weld,weld,6100.956048,
2007,958,weld,weld,6113.132808,
2007,959,weld,weld,6125.327856000001,
2007,960,weld,weld,6137.507664000001,
2007,961,weld,weld,6149.705760000001,
2007,962,weld,weld,6161.894712,
2007,963,weld,weld,6174.080616,
2007,964,weld,weld,6186.272616,
2007,967,weld,weld,6198.467664000001,
2007,968,weld,weld,6210.665760000001,
2007,970,weld,weld,6222.440184000001,
2007,971,weld,weld,6234.632184000001,
2007,972,weld,weld,6246.818088000001,
2007,973,weld,weld,6259.02228,
2007,974,weld,weld,6271.226472,
2007,975,weld,weld,6283.421520000001,
2007,976,weld,weld,6295.625712,
2007,977,weld,weld,6307.832952000001,
2007,978,weld,weld,6320.0462880000005,
2007,979,weld,weld,6332.25048,
2007,980,weld,weld,6344.488200000001,
2007,981,weld,weld,6348.05436,
2007,982,weld,weld,6360.27684,
2007,983,weld,weld,6372.471888000001,
2007,984,weld,weld,6382.664400000001,
2007,985,weld,weld,6394.883832,
2007,987,weld,weld,6407.118504,
2007,988,weld,weld,6413.497968000001,
2007,989,weld,weld,6425.7631200000005,
2007,990,weld,weld,6437.93988,
2007,991,weld,weld,6450.1471200000005,
2007,992,weld,weld,6462.345216,
2007,994,weld,weld,6474.5250240000005,
2007,995,weld,weld,6486.713976,
2007,1002,weld,weld,6498.887688000001,
2007,1007,weld,weld,6511.079688000001,
2007,1013,weld,weld,6523.277784000001,
2007,1015,weld,weld,6535.47588,
2007,1016,weld,weld,6547.661784000001,
2007,1017,weld,weld,6559.856832,
2007,1018,weld,weld,6572.033592000001,
2007,1019,weld,weld,6584.210352000001,
2007,1020,weld,weld,6596.411496000001,
2007,1023,weld,weld,6608.566920000001,
2007,1024,weld,weld,6618.567408,
2007,1025,weld,weld,6621.533112,
2007,1026,weld,weld,6633.719016,
2007,1027,weld,weld,6645.95064,
2007,1029,weld,weld,6658.191408,
2007,1032,weld,weld,6670.386456000001,
2007,1033,weld,weld,6682.55712,
2007,1034,weld,weld,6694.758264,
2007,1035,weld,weld,6706.944168,
2007,1036,weld,weld,6719.145312,
2007,1039,weld,weld,6731.337312,
2007,1040,weld,weld,6743.520168,
2007,1041,weld,weld,6755.736552000001,
2007,1042,weld,weld,6767.90112,
2007,1043,weld,weld,6780.083976,
2007,1044,weld,weld,6792.263784000001,
2007,1045,weld,weld,6804.4435920000005,
2007,1046,weld,weld,6816.641688000001,
2007,1047,weld,weld,6828.833688000001,
2007,1048,weld,weld,6841.019592000001,
2007,1050,weld,weld,6853.21464,
2007,1052,weld,weld,6865.3578720000005,
2007,1053,weld,weld,6877.540728000001,
2007,1054,weld,weld,6882.716232000001,
2007,1055,weld,weld,6894.920424000001,
2007,1057,weld,weld,6907.133760000001,
2007,1058,weld,weld,6919.325760000001,
2007,1059,weld,weld,6931.496424000001,
2007,1060,weld,weld,6943.667088000001,
2007,1062,weld,weld,6955.865184000001,
2007,1063,weld,weld,6968.044992000001,
2007,1064,weld,weld,6980.2278479999995,
2007,1065,weld,weld,6992.383272,
2007,1067,weld,weld,7004.602704,
2007,1068,weld,weld,7016.855664000001,
2007,1072,weld,weld,7029.072048,
2007,1073,weld,weld,7041.285384000001,
2007,1074,weld,weld,7053.462144,
2007,1077,weld,weld,7065.648048,
2007,1078,weld,weld,7074.0239520000005,
2007,1079,weld,weld,7086.1824240000005,
2007,1080,weld,weld,7098.340896000001,
2007,1081,weld,weld,7110.54204,
2007,1082,weld,weld,7122.73404,
2007,1083,weld,weld,7134.874224000001,
2007,1084,weld,weld,7147.023552000001,
2007,1085,weld,weld,7159.154592000001,
2007,1086,weld,weld,7171.325256000001,
2007,1087,weld,weld,7183.5020159999995,
2007,1088,weld,weld,7195.614768,
2007,1092,weld,weld,7207.78848,
2007,1096,weld,weld,7216.213152000001,
2007,1098,weld,weld,7228.383816,
2007,1100,weld,weld,7240.557528,
2007,1101,weld,weld,7252.74648,
2007,1102,weld,weld,7264.926288000001,
2007,1103,weld,weld,7277.096952000001,
2007,1104,weld,weld,7289.273712,
2007,1105,weld,weld,7301.444376,
2007,1106,weld,weld,7313.636376,
2007,1107,weld,weld,7325.82228,
2007,1108,weld,weld,7337.992944,
2007,1109,weld,weld,7349.087664000001,
2007,1110,weld,weld,7361.252232000001,
2007,1111,weld,weld,7373.428992000001,
2007,1112,weld,weld,7385.584416,
2007,1113,weld,weld,7397.767272,
2007,1114,weld,weld,7409.934888000001,
2007,1115,weld,weld,7422.102504,
2007,1116,weld,weld,7434.273168000001,
2007,1117,weld,weld,7446.501744,
2007,1118,weld,weld,7458.678504,
2007,1119,weld,weld,7470.840024000001,
2007,1120,weld,weld,7483.013736,
2007,1121,weld,weld,7491.551184000001,
2007,1122,weld,weld,7503.7523280000005,
2007,1123,weld,weld,7515.898608,
2007,1125,weld,weld,7528.0266,
2007,1126,weld,weld,7540.20336,
2007,1127,weld,weld,7552.447176,
2007,1128,weld,weld,7564.63308,
2007,1129,weld,weld,7576.742784000001,
2007,1130,weld,weld,7588.916496000001,
2007,1131,weld,weld,7601.0780159999995,
2007,1132,weld,weld,7613.2182,
2007,1133,weld,weld,7625.401056000001,
2007,1134,weld,weld,7635.386304000001,
2007,1135,weld,weld,7647.605736,
2007,1136,weld,weld,7659.846504,
2007,1137,weld,weld,7672.062888,
2007,1138,weld,weld,7684.239648,
2007,1140,weld,weld,7696.410312,
2007,1141,weld,weld,7708.5657360000005,
2007,1142,weld,weld,7720.7242080000005,
2007,1143,weld,weld,7732.916208000001,
2007,1144,weld,weld,7745.071632,
2007,1145,weld,weld,7757.263632,
2007,1146,weld,weld,7769.449536,
2007,1147,weld,weld,7775.505912,
2007,1148,weld,weld,7787.691816,
2007,1149,weld,weld,7791.92244,
2007,1150,weld,weld,7804.032144,
2007,1151,weld,weld,7812.46596,
2007,1152,weld,weld,7824.636624000001,
2007,1153,weld,weld,7836.084912,
2007,1154,weld,weld,7848.258624000001,
2007,1155,weld,weld,7857.274608,
2007,1156,weld,weld,7860.185448,
2007,1157,weld,weld,7872.374400000001,
2007,1159,weld,weld,7875.22428,
2007,1161,weld,weld,7887.404088000001,
2007,1162,weld,weld,7899.580848,
2007,1163,weld,weld,7911.75456,
2007,1164,weld,weld,7923.891696000001,
2007,1165,weld,weld,7936.080648,
2007,1167,weld,weld,7948.278744,
2007,1169,weld,weld,7954.38084,
2007,1170,weld,weld,7966.569792,
2007,1171,weld,weld,7978.76484,
2007,1172,weld,weld,7990.9385520000005,
2007,1173,weld,weld,8003.1305520000005,
2007,1174,weld,weld,8015.3225520000005,
2007,1175,weld,weld,8027.50236,
2007,1176,weld,weld,8039.685216,
2007,1178,weld,weld,8051.883312,
2007,1179,weld,weld,8064.07836,
2007,1180,weld,weld,8076.227688000001,
2007,1181,weld,weld,8088.410544,
2007,1182,weld,weld,8100.602544,
2007,1183,weld,weld,8112.8067360000005,
2007,1184,weld,weld,8125.001784000001,
2007,1185,weld,weld,8137.169400000001,
2007,1186,weld,weld,8149.361400000001,
2007,1187,weld,weld,8161.562544,
2007,1188,weld,weld,8165.31768,
2007,1189,weld,weld,8177.476152000001,
2007,1194,weld,weld,8189.6132880000005,
2007,1195,weld,weld,8196.553584000001,
2007,1197,weld,weld,8208.757776,
2007,1199,weld,weld,8213.00364,
2007,1201,weld,weld,8222.098872,
2007,1202,weld,weld,8231.70312,
2007,1203,weld,weld,8243.837208,
2007,1204,weld,weld,8255.983488000002,
2007,1205,weld,weld,8268.145008,
2007,1206,weld,weld,8280.330912,
2007,1207,weld,weld,8292.535104,
2007,1208,weld,weld,8304.724056000001,
2007,1209,weld,weld,8313.651648,
2007,1210,weld,weld,8325.8406,
2007,1212,weld,weld,8338.026504,
2007,1213,weld,weld,8350.212408,
2007,1214,weld,weld,8362.407456,
2007,1215,weld,weld,8374.602504,
2007,1216,weld,weld,8386.809744,
2007,1217,weld,weld,8398.9926,
2007,1223,weld,weld,8411.175456,
2007,1224,weld,weld,8423.382696,
2007,1225,weld,weld,8435.592984,
2007,1226,weld,weld,8447.806320000002,
2007,1227,weld,weld,8459.992224000001,
2007,1228,weld,weld,8472.226896,
2007,1229,weld,weld,8484.42804,
2007,1230,weld,weld,8496.583464000001,
2007,1232,weld,weld,8508.748032000001,
2007,1234,weld,weld,8520.860784,
2007,1236,weld,weld,8524.875,
2007,1237,weld,weld,8537.054808,
2007,1239,weld,weld,8549.240712,
2007,1240,weld,weld,8555.498256,
2007,1241,weld,weld,8567.68416,
2007,1242,weld,weld,8579.851776,
2007,1243,weld,weld,8592.040728,
2007,1245,weld,weld,8601.971112,
2007,1246,weld,weld,8614.187496,
2007,1247,weld,weld,8624.200176,
2007,1248,weld,weld,8636.367792000001,
2007,1249,weld,weld,8648.57808,
2007,1250,weld,weld,8660.742648,
2007,1251,weld,weld,8672.907216,
2007,1252,weld,weld,8685.090072,
2007,1253,weld,weld,8697.263784,
2007,1254,weld,weld,8709.440544000001,
2007,1255,weld,weld,8721.635592,
2007,1256,weld,weld,8733.818448,
2007,1257,weld,weld,8745.964728,
2007,1258,weld,weld,8758.15368,
2007,1259,weld,weld,8770.34568,
2007,1261,weld,weld,8782.525488000001,
2007,1263,weld,weld,8794.720536,
2007,1264,weld,weld,8806.924728,
2007,1265,weld,weld,8819.141112,
2007,1266,weld,weld,8831.311776,
2007,1267,weld,weld,8843.506824,
2007,1269,weld,weld,8855.701872,
2007,1270,weld,weld,8865.866952,
2007,1271,weld,weld,8878.062,
2007,1274,weld,weld,8890.254,
2007,1278,weld,weld,8902.418568000001,
2007,1282,weld,weld,8914.604472,
2007,1283,weld,weld,8926.790376,
2007,1284,weld,weld,8939.003712,
2007,1285,weld,weld,8951.238384,
2007,1286,weld,weld,8963.460864,
2007,1293,weld,weld,8975.683344000001,
2007,1295,weld,weld,8987.8662,
2007,1296,weld,weld,9000.061248,
2007,1297,weld,weld,9012.253247999999,
2007,1298,weld,weld,9024.42696,
2007,1299,weld,weld,9035.884392,
2007,1300,weld,weld,9048.125160000001,
2007,1302,weld,weld,9051.8742,
2007,1303,weld,weld,9064.09668,
2007,1304,weld,weld,9070.210968000001,
2007,1305,weld,weld,9080.656464,
2007,1306,weld,weld,9092.857608,
2007,1307,weld,weld,9105.040464,
2007,1308,weld,weld,9117.23856,
2007,1309,weld,weld,9129.424464,
2007,1310,weld,weld,9141.604272,
2007,1311,weld,weld,9153.802368,
2007,1312,weld,weld,9165.991320000001,
2007,1313,weld,weld,9178.192464,
2007,1314,weld,weld,9190.326552,
2007,1315,weld,weld,9202.5216,
2007,1316,weld,weld,9214.686168,
2007,1319,weld,weld,9226.853784,
2007,1320,weld,weld,9238.978728,
2007,1321,weld,weld,9251.137200000001,
2007,1322,weld,weld,9263.317008,
2007,1323,weld,weld,9275.515104,
2007,1324,weld,weld,9287.68272,
2007,1326,weld,weld,9299.862528000001,
2007,1327,weld,weld,9312.030144,
2007,1337,weld,weld,9324.225192,
2007,1338,weld,weld,9336.405,
2007,1339,weld,weld,9348.590904,
2007,1342,weld,weld,9360.758520000001,
2007,1343,weld,weld,9369.539808,
2007,1344,weld,weld,9380.32668,
2007,1345,weld,weld,9391.479312,
2007,1346,weld,weld,9403.665216,
2007,1348,weld,weld,9406.999728,
2007,1349,weld,weld,9413.555976,
2007,1350,weld,weld,9425.744928,
2007,1352,weld,weld,9428.899608,
2007,1353,weld,weld,9439.16832,
2007,1354,weld,weld,9451.357272000001,
2007,1356,weld,weld,9463.518792,
2007,1357,weld,weld,9475.710792,
2007,1358,weld,weld,9487.908888000002,
2007,1359,weld,weld,9500.067360000001,
2007,1360,weld,weld,9512.21364,
2007,1361,weld,weld,9524.381256,
2007,1362,weld,weld,9536.554968,
2007,1363,weld,weld,9547.344888000001,
2007,1364,weld,weld,9559.521648,
2007,1365,weld,weld,9571.707552000002,
2007,1366,weld,weld,9583.88736,
2007,1367,weld,weld,9596.070216,
2007,1368,weld,weld,9599.017632000001,
2007,1370,weld,weld,9601.897992,
2007,1371,weld,weld,9603.769464,
2007,1375,weld,weld,9615.9828,
2007,1379,weld,weld,9620.832168,
2007,1381,weld,weld,9623.800920000001,
2007,1386,weld,weld,9627.120192,
2007,1388,weld,weld,9633.566712,
2007,1389,weld,weld,9645.74652,
2007,1390,weld,weld,9648.980448,
2007,1391,weld,weld,9656.560824,
2007,1392,weld,weld,9659.779512000001,
2007,1393,weld,weld,9671.959320000002,
2007,1394,weld,weld,9674.589744,
2007,1395,weld,weld,9686.78784,
2007,1396,weld,weld,9698.373288,
2007,1397,weld,weld,9702.664872000001,
2007,1398,weld,weld,9714.853824000002,
2007,1399,weld,weld,9718.42608,
2007,1400,weld,weld,9730.621128,
2007,1401,weld,weld,9735.738720000001,
2007,1403,weld,weld,9747.942912,
2007,1404,weld,weld,9760.116624,
2007,1405,weld,weld,9763.832136,
2007,1406,weld,weld,9776.021088000001,
2007,1407,weld,weld,9777.935232,
2007,1408,weld,weld,9790.121136,
2007,1409,weld,weld,9802.346664,
2007,1410,weld,weld,9808.247592000002,
2007,1411,weld,weld,9820.339008,
2007,1412,weld,weld,9832.51272,
2007,1413,weld,weld,9836.996328000001,
2007,1414,weld,weld,9846.725544,
2007,1416,weld,weld,9850.26732,
2007,1417,weld,weld,9860.563464,
2007,1419,weld,weld,9863.782152000002,
2007,1420,weld,weld,9866.967312,
2007,1421,weld,weld,9879.128832,
2007,1423,weld,weld,9882.271320000002,
2007,1424,weld,weld,9889.278672,
2007,1425,weld,weld,9901.455432,
2007,1427,weld,weld,9910.401312,
2007,1428,weld,weld,9922.511016,
2007,1429,weld,weld,9934.678632000001,
2007,1432,weld,weld,9946.864536000001,
2007,1433,weld,weld,9949.29684,
2007,1435,weld,weld,9952.000416,
2007,1436,weld,weld,9963.823608,
2007,1437,weld,weld,9976.0278,
2007,1438,weld,weld,9988.207608,
2007,1439,weld,weld,9997.982544,
2007,1440,weld,weld,10007.263704,
2007,1441,weld,weld,10019.425224,
2007,1442,weld,weld,10031.60808,
2007,1447,weld,weld,10043.778744,
2007,1449,weld,weld,10055.982936,
2007,1452,weld,weld,10068.181031999999,
2007,1454,weld,weld,10080.382176000001,
2007,1455,weld,weld,10092.574176000002,
2007,1457,weld,weld,10104.766176000001,
2007,1459,weld,weld,10116.967320000002,
2007,1460,weld,weld,10129.165416,
2007,1461,weld,weld,10141.360464000001,
2007,1464,weld,weld,10153.555512,
2007,1465,weld,weld,10165.561584000001,
2007,1471,weld,weld,10177.753584000002,
2007,1475,weld,weld,10189.960824,
2007,1476,weld,weld,10202.158920000002,
2007,1481,weld,weld,10214.35092,
2007,1483,weld,weld,10226.536823999999,
2007,1484,weld,weld,10238.704440000001,
2007,1486,weld,weld,10250.872056,
2007,1489,weld,weld,10263.036624,
2007,1490,weld,weld,10275.225576,
2007,1492,weld,weld,10287.472440000001,
2007,1494,weld,weld,10295.010144,
2007,1495,weld,weld,10307.217384000001,
2007,1499,weld,weld,10319.406336,
2007,1501,weld,weld,10331.592240000002,
2007,1502,weld,weld,10343.787288,
2007,1507,weld,weld,10355.99148,
2007,1508,weld,weld,10368.195672,
2007,1512,weld,weld,10380.40596,
2007,1514,weld,weld,10392.585768,
2007,1515,weld,weld,10404.774720000001,
2007,1519,weld,weld,10416.963672,
2007,1520,weld,weld,10429.161768000002,
2007,1521,weld,weld,10441.369008,
2007,1522,weld,weld,10453.554912000001,
2007,1523,weld,weld,10463.384712000001,
2007,1524,weld,weld,10475.567568000002,
2007,1525,weld,weld,10487.774808,
2007,1526,weld,weld,10499.972904000002,
2007,1527,weld,weld,10509.074231999999,
2007,1528,weld,weld,10521.278424,
2007,1529,weld,weld,10533.470424,
2007,1530,weld,weld,10545.561840000002,
2007,1531,weld,weld,10557.753840000001,
2007,1532,weld,weld,10569.979368000002,
2007,1533,weld,weld,10582.195752,
2007,1534,weld,weld,10594.384704000002,
2007,1535,weld,weld,10606.585848,
2007,1536,weld,weld,10618.774800000001,
2007,1539,weld,weld,10630.978992,
2007,1540,weld,weld,10643.149656000001,
2007,1542,weld,weld,10655.311176000001,
2007,1543,weld,weld,10667.475744,
2007,1544,weld,weld,10675.805928000002,
2007,1545,weld,weld,10688.007072,
2007,1546,weld,weld,10700.208216,
2007,1547,weld,weld,10712.391072,
2007,1548,weld,weld,10724.573928000002,
2007,1549,weld,weld,10736.790312000001,
2007,1550,weld,weld,10748.936592,
2007,1551,weld,weld,10761.14688,
2007,1552,weld,weld,10773.341928,
2007,1553,weld,weld,10785.533928,
2007,1554,weld,weld,10786.75008,
2007,1555,weld,weld,10798.939032,
2007,1556,weld,weld,10800.152136,
2007,1557,weld,weld,10812.313656,
2007,1558,weld,weld,10820.585928,
2007,1559,weld,weld,10832.756592000002,
2007,1560,weld,weld,10844.915064,
2007,1562,weld,weld,10857.08268,
2007,1563,weld,weld,10869.238104000002,
2007,1564,weld,weld,10881.4362,
2007,1565,weld,weld,10893.625152,
2007,1566,weld,weld,10905.801912,
2007,1568,weld,weld,10917.993912000002,
2007,1573,weld,weld,10930.179816,
2007,1574,weld,weld,10942.359624,
2007,1575,weld,weld,10954.545528,
2007,1576,weld,weld,10966.725336000001,
2007,1577,weld,weld,10978.896,
2007,1578,weld,weld,10991.084952,
2007,1579,weld,weld,11003.26476,
2007,1580,weld,weld,11015.450664,
2007,1581,weld,weld,11027.566464000001,
2007,1582,weld,weld,11039.758464,
2007,1583,weld,weld,11051.889504,
2007,1584,weld,weld,11064.060168000002,
2007,1585,weld,weld,11076.252168,
2007,1586,weld,weld,11088.413688,
2007,1587,weld,weld,11100.596544,
2007,1588,weld,weld,11112.834264000001,
2007,1590,weld,weld,11125.020168000001,
2007,1591,weld,weld,11137.215216,
2007,1592,weld,weld,11149.395024,
2007,1593,weld,weld,11161.580928000001,
2007,1594,weld,weld,11173.742448,
2007,1595,weld,weld,11185.931400000001,
2007,1596,weld,weld,11198.120352,
2007,1597,weld,weld,11210.272728,
2007,1598,weld,weld,11222.290992,
2007,1599,weld,weld,11234.482992000001,
2007,1600,weld,weld,11241.52692,
2007,1602,weld,weld,11253.70368,
2007,1604,weld,weld,11256.468216,
2007,1605,weld,weld,11258.315304000002,
2007,1606,weld,weld,11269.894656,
2007,1607,weld,weld,11282.074464000001,
2007,1608,weld,weld,11294.260368000001,
2007,1609,weld,weld,11306.339592,
2007,1610,weld,weld,11308.454904000002,
2007,1612,weld,weld,11310.847584000001,
2007,1613,weld,weld,11314.304016,
2007,1614,weld,weld,11324.651976000001,
2007,1615,weld,weld,11336.847024,
2007,1616,weld,weld,11349.04512,
2007,1617,weld,weld,11361.258456000001,
2007,1618,weld,weld,11373.438264,
2007,1619,weld,weld,11382.295752,
2007,1620,weld,weld,11390.717376,
2007,1621,weld,weld,11402.90328,
2007,1622,weld,weld,11413.199424,
2007,1624,weld,weld,11415.954816,
2007,1625,weld,weld,11428.1712,
2007,1626,weld,weld,11440.19556,
2007,1627,weld,weld,11451.39696,
2007,1629,weld,weld,11454.911304000001,
2007,1630,weld,weld,11457.566112,
2007,1631,weld,weld,11469.758112000001,
2007,1632,weld,weld,11481.392328,
2007,1633,weld,weld,11493.593472,
2007,1634,weld,weld,11505.794616,
2007,1635,weld,weld,11517.998808,
2007,1636,weld,weld,11530.172520000002,
2007,1637,weld,weld,11542.391952,
2007,1638,weld,weld,11554.562616,
2007,1639,weld,weld,11566.187688,
2007,1640,weld,weld,11578.230336,
2007,1641,weld,weld,11590.422336,
2007,1642,weld,weld,11602.605192,
2007,1643,weld,weld,11614.806336,
2007,1644,weld,weld,11627.016624,
2007,1645,weld,weld,11639.196431999999,
2007,1646,weld,weld,11651.39148,
2007,1647,weld,weld,11653.945704000002,
2007,1648,weld,weld,11666.149895999999,
2007,1649,weld,weld,11678.363232,
2007,1650,weld,weld,11689.031232,
2007,1652,weld,weld,11701.22628,
2007,1653,weld,weld,11713.41828,
2007,1654,weld,weld,11725.601136000001,
2007,1655,weld,weld,11737.631592000002,
2007,1656,weld,weld,11749.808352,
2007,1657,weld,weld,11761.994256000002,
2007,1658,weld,weld,11774.171016,
2007,1659,weld,weld,11786.350824,
2007,1660,weld,weld,11798.491008,
2007,1661,weld,weld,11810.597664,
2007,1662,weld,weld,11822.768328,
2007,1663,weld,weld,11834.945088,
2007,1664,weld,weld,11847.137088,
2007,1665,weld,weld,11859.344328000001,
2007,1666,weld,weld,11871.54852,
2007,1667,weld,weld,11883.771,
2007,1668,weld,weld,11886.023472,
2007,1669,weld,weld,11898.279480000001,
2007,1670,weld,weld,11910.523296,
2007,1671,weld,weld,11922.754920000001,
2007,1673,weld,weld,11931.469152,
2007,1674,weld,weld,11943.633720000002,
2007,1675,weld,weld,11955.816576000001,
2007,1676,weld,weld,11960.729952,
2007,1677,weld,weld,11972.928048000002,
2007,1679,weld,weld,11976.524688,
2007,1680,weld,weld,11978.960040000002,
2007,1682,weld,weld,11982.544488,
2007,1684,weld,weld,11989.512216,
2007,1686,weld,weld,11998.418472000001,
2007,1687,weld,weld,12010.604376000001,
2007,1689,weld,weld,12022.799423999999,
2007,1691,weld,weld,12033.744792000001,
2007,1693,weld,weld,12036.634296,
2007,1694,weld,weld,12048.85068,
2007,1696,weld,weld,12055.659912000001,
2007,1698,weld,weld,12067.82448,
2007,1702,weld,weld,12079.120368000002,
2007,1704,weld,weld,12082.174464000002,
2007,1707,weld,weld,12091.88844,
2007,1708,weld,weld,12102.22116,
2007,1709,weld,weld,12114.397920000001,
2007,1711,weld,weld,12119.692296,
2007,1713,weld,weld,12122.350152,
2007,1714,weld,weld,12124.191144,
2007,1715,weld,weld,12133.316856000001,
2007,1716,weld,weld,12140.836272,
2007,1717,weld,weld,12152.266272,
2007,1718,weld,weld,12164.464368,
2007,1719,weld,weld,12176.665512000001,
2007,1720,weld,weld,12188.86056,
2007,1723,weld,weld,12201.046464000001,
2007,1724,weld,weld,12213.241512,
2007,1725,weld,weld,12225.439608,
2007,1726,weld,weld,12237.62856,
2007,1727,weld,weld,12249.829704000002,
2007,1728,weld,weld,12262.039992,
2007,1729,weld,weld,12274.262472,
2007,1730,weld,weld,12286.460568000002,
2007,1731,weld,weld,12298.658664,
2007,1732,weld,weld,12310.740936,
2007,1733,weld,weld,12322.957320000001,
2007,1734,weld,weld,12335.140176,
2007,1735,weld,weld,12347.329128000001,
2007,1736,weld,weld,12359.530272,
2007,1737,weld,weld,12371.731416,
2007,1738,weld,weld,12383.941704,
2007,1740,weld,weld,12396.133704000002,
2007,1742,weld,weld,12398.751936,
2007,1743,weld,weld,12401.842608,
2007,1745,weld,weld,12405.10092,
2007,1746,weld,weld,12417.295968000002,
2007,1747,weld,weld,12423.995472,
2007,1748,weld,weld,12436.172231999999,
2007,1749,weld,weld,12445.078488,
2007,1750,weld,weld,12457.279632,
2007,1751,weld,weld,12469.468584000002,
2007,1752,weld,weld,12481.6362,
2007,1753,weld,weld,12493.81296,
2007,1755,weld,weld,12505.977528000001,
2007,1756,weld,weld,12518.154288,
2007,1757,weld,weld,12530.349336000001,
2007,1759,weld,weld,12541.367856,
2007,1765,weld,weld,12553.547664000002,
2007,1766,weld,weld,12565.733568000001,
2007,1767,weld,weld,12577.922520000002,
2007,1768,weld,weld,12590.093184000001,
2007,1769,weld,weld,12602.282136,
2007,1770,weld,weld,12614.501568000001,
2007,1771,weld,weld,12626.483256000001,
2007,1772,weld,weld,12638.66916,
2007,1784,weld,weld,12650.842872000001,
2007,1787,weld,weld,12663.019632,
2007,1791,weld,weld,12675.193344000001,
2007,1804,weld,weld,12687.412776000001,
2007,1823,weld,weld,12699.610872000001,
2007,1826,weld,weld,12703.625088,
2007,1831,weld,weld,12711.818112,
2007,1835,weld,weld,12724.007064000001,
2007,1839,weld,weld,12736.177728,
2007,1842,weld,weld,12748.284384,
2007,1843,weld,weld,12760.467240000002,
2007,1845,weld,weld,12772.656192,
2007,1846,weld,weld,12784.82076,
2007,1847,weld,weld,12797.000568000001,
2007,1848,weld,weld,12809.168184000002,
2007,1849,weld,weld,12821.338848000001,
2007,1850,weld,weld,12833.546088,
2007,1851,weld,weld,12845.741136,
2007,1852,weld,weld,12857.954472000001,
2007,1853,weld,weld,12870.143424,
2007,1855,weld,weld,12882.329328000002,
2007,1857,weld,weld,12885.331608,
2007,1858,weld,weld,12892.463928000001,
2007,1859,weld,weld,12904.643736,
2007,1860,weld,weld,12916.850976000002,
2007,1861,weld,weld,12929.049072,
2007,1862,weld,weld,12941.241072,
2007,1863,weld,weld,12944.094000000001,
2007,1864,weld,weld,12956.343912000002,
2007,1865,weld,weld,12968.578584,
2007,1866,weld,weld,12980.761440000002,
2007,1867,weld,weld,12992.919912000001,
2007,1868,weld,weld,13005.090576000002,
2007,1869,weld,weld,13017.27648,
2007,1870,weld,weld,13029.465431999999,
2007,1871,weld,weld,13041.66048,
2007,1872,weld,weld,13053.846384,
2007,1873,weld,weld,13066.047528000001,
2007,1874,weld,weld,13078.242576,
2007,1875,weld,weld,13086.621528000001,
2007,1876,weld,weld,13092.796776000001,
2007,1877,weld,weld,13104.973536000001,
2007,1878,weld,weld,13117.168584000001,
2007,1879,weld,weld,13129.32096,
2007,1880,weld,weld,13138.260744000001,
2007,1881,weld,weld,13140.290712000002,
2007,1882,weld,weld,13152.464424,
2007,1883,weld,weld,13158.447648000001,
2007,1885,weld,weld,13161.614520000001,
2007,1886,weld,weld,13172.471496,
2007,1887,weld,weld,13184.67264,
2007,1888,weld,weld,13196.852448000001,
2007,1889,weld,weld,13209.023112,
2007,1890,weld,weld,13221.224256000001,
2007,1891,weld,weld,13233.416256,
2007,1892,weld,weld,13245.583872000001,
2007,1893,weld,weld,13257.757584,
2007,1894,weld,weld,13263.996840000002,
2007,1895,weld,weld,13276.219320000002,
2007,1896,weld,weld,13288.402176000001,
2007,1898,weld,weld,13300.432632,
2007,1900,weld,weld,13312.652064,
2007,1902,weld,weld,13324.853208,
2007,1903,weld,weld,13333.366272000001,
2007,1904,weld,weld,13345.567416,
2007,1905,weld,weld,13357.762464000001,
2007,1906,weld,weld,13369.933128,
2007,1907,weld,weld,13382.100744000001,
2007,1912,weld,weld,13394.250072,
2007,1922,weld,weld,13406.496936000001,
2007,1924,weld,weld,13418.688936,
2007,1925,weld,weld,13428.174312000001,
2007,1928,weld,weld,13440.357168000002,
2007,1931,weld,weld,13452.515640000001,
2007,1932,weld,weld,13464.701544,
2007,1934,weld,weld,13476.896592000001,
2007,1935,weld,weld,13489.091640000002,
2007,1936,weld,weld,13501.289736,
2007,1937,weld,weld,13513.478688,
2007,1938,weld,weld,13525.664592000001,
2007,1939,weld,weld,13537.868784000002,
2007,1940,weld,weld,13550.060784000001,
2007,1941,weld,weld,13562.261928000002,
2007,1942,weld,weld,13574.463072,
2007,1943,weld,weld,13581.53748,
2007,1944,weld,weld,13593.735576000001,
2007,1945,weld,weld,13605.945864000001,
2007,1951,weld,weld,13617.842208,
2007,1958,weld,weld,13630.098216,
2007,1960,weld,weld,13642.271928,
2007,1961,weld,weld,13654.470024,
2007,1962,weld,weld,13666.689456000002,
2007,1963,weld,weld,13678.841832,
2007,1964,weld,weld,13691.015544,
2007,1967,weld,weld,13703.222784000001,
2007,1970,weld,weld,13715.454408,
2007,1972,weld,weld,13727.68908,
2007,1973,weld,weld,13739.874984000002,
2007,1974,weld,weld,13749.948624,
2007,1977,weld,weld,13756.712136,
2007,1982,weld,weld,13768.916328000001,
2007,1985,weld,weld,13770.949344,
2007,1986,weld,weld,13783.113912,
2007,1987,weld,weld,13795.269336000001,
2007,1988,weld,weld,13807.458288,
2007,1989,weld,weld,13819.647240000002,
2007,1990,weld,weld,13831.842288,
2007,1991,weld,weld,13844.040384000002,
2007,1992,weld,weld,13856.247624,
2007,1993,weld,weld,13868.442672000001,
2007,1994,weld,weld,13880.646864,
2007,1996,weld,weld,13883.246808,
2007,1997,weld,weld,13895.43576,
2007,1998,weld,weld,13901.921904000003,
2007,1999,weld,weld,13914.141336,
2007,2000,weld,weld,13921.92288,
2007,2002,weld,weld,13934.127072000001,
2007,2003,weld,weld,13941.823272,
2007,2004,weld,weld,13954.015272,
2007,2005,weld,weld,13966.188984,
2007,2006,weld,weld,13971.812544,
2007,2007,weld,weld,13983.992352,
2007,2008,weld,weld,13993.70328,
2007,2011,weld,weld,14005.886136000001,
2007,2014,weld,weld,14018.02632,
2007,2015,weld,weld,14030.15736,
2007,2016,weld,weld,14042.361552,
2007,2019,weld,weld,14054.553552,
2007,2020,weld,weld,14066.800416,
2007,2023,weld,weld,14079.053376000002,
2007,2029,weld,weld,14091.300240000002,
2007,2030,weld,weld,14103.495288,
2007,2032,weld,weld,14115.656808,
2007,2035,weld,weld,14127.864048000001,
2007,2037,weld,weld,14140.074336000001,
2007,2040,weld,weld,14152.269384000001,
2007,2043,weld,weld,14158.82868,
2007,2044,weld,weld,14171.023728,
2007,2045,weld,weld,14179.993992000002,
2007,2046,weld,weld,14192.176848000001,
2007,2047,weld,weld,14198.778816,
2007,2048,weld,weld,14210.952528000002,
2007,2049,weld,weld,14221.010928000002,
2007,2051,weld,weld,14233.184640000001,
2007,2053,weld,weld,14236.366752,
2007,2055,weld,weld,14248.570944000001,
2007,2056,weld,weld,14253.517848000001,
2007,2059,weld,weld,14265.703752,
2007,2060,weld,weld,14277.92928,
2007,2062,weld,weld,14290.145664000001,
2007,2063,weld,weld,14302.301088,
2007,2064,weld,weld,14314.493088,
2007,2065,weld,weld,14326.48392,
2007,2066,weld,weld,14338.675920000001,
2007,2067,weld,weld,14350.864872,
2007,2068,weld,weld,14363.059920000002,
2007,2069,weld,weld,14373.40788,
2007,2070,weld,weld,14374.368,
2007,2072,weld,weld,14376.925272,
2007,2073,weld,weld,14389.150800000001,
2007,2074,weld,weld,14397.749208000001,
2007,2075,weld,weld,14399.92548,
2007,2076,weld,weld,14403.494688,
2007,2077,weld,weld,14406.515256,
2007,2080,weld,weld,14412.928248000002,
2007,2085,weld,weld,14425.138536,
2007,2087,weld,weld,14437.354920000002,
2007,2090,weld,weld,14449.513392,
2007,2091,weld,weld,14461.696248000002,
2007,2092,weld,weld,14473.888248000001,
2007,2093,weld,weld,14480.846832,
2007,2096,weld,weld,14493.035784000002,
2007,2097,weld,weld,14505.206448,
2007,2098,weld,weld,14517.191184000001,
2007,2099,weld,weld,14523.927264,
2007,2100,weld,weld,14534.903112000002,
2007,2102,weld,weld,14537.37504,
2007,2103,weld,weld,14540.423040000001,
2007,2105,weld,weld,14552.633328000002,
2007,2106,weld,weld,14564.813136,
2007,2108,weld,weld,14576.989896,
2007,2109,weld,weld,14589.1758,
2007,2110,weld,weld,14601.364752,
2007,2111,weld,weld,14613.547608,
2007,2112,weld,weld,14625.748752,
2007,2113,weld,weld,14637.959040000002,
2007,2114,weld,weld,14641.296600000001,
2007,2115,weld,weld,14646.149016,
2007,2116,weld,weld,14658.334920000001,
2007,2117,weld,weld,14662.300368000002,
2007,2118,weld,weld,14674.5198,
2007,2119,weld,weld,14686.723992000001,
2007,2120,weld,weld,14698.943424,
2007,2121,weld,weld,14711.141520000001,
2007,2122,weld,weld,14723.321328000002,
2007,2123,weld,weld,14735.525520000001,
2007,2124,weld,weld,14747.70228,
2007,2125,weld,weld,14759.875992000001,
2007,2126,weld,weld,14772.052752,
2007,2127,weld,weld,14784.229512000002,
2007,2128,weld,weld,14786.722776000002,
2007,2130,weld,weld,14790.258456000001,
2007,2131,weld,weld,14792.489592000002,
2007,2133,weld,weld,14795.888112,
2007,2134,weld,weld,14804.096376000001,
2007,2136,weld,weld,14807.516232,
2007,2137,weld,weld,14810.353920000001,
2007,2139,weld,weld,14813.276952,
2007,2140,weld,weld,14817.733128000002,
2007,2141,weld,weld,14829.925128,
2007,2143,weld,weld,14842.089696,
2007,2144,weld,weld,14854.266456000001,
2007,2145,weld,weld,14866.379208,
2007,2146,weld,weld,14872.453872,
2007,2148,weld,weld,14875.556736,
2007,2150,weld,weld,14884.395936,
2007,2151,weld,weld,14896.526976000001,
2007,2152,weld,weld,14908.718976000002,
2007,2153,weld,weld,14920.90488,
2007,2154,weld,weld,14933.045064000002,
2007,2155,weld,weld,14945.203536,
2007,2156,weld,weld,14957.340672,
2007,2157,weld,weld,14969.532672000001,
2007,2158,weld,weld,14974.88496,
2007,2159,weld,weld,14987.073912000002,
2007,2160,weld,weld,14999.262864,
2007,2161,weld,weld,15011.451816,
2007,2162,weld,weld,15023.63772,
2007,2163,weld,weld,15035.747424,
2007,2164,weld,weld,15047.945520000001,
2007,2165,weld,weld,15060.131424,
2007,2166,weld,weld,15072.228936000001,
2007,2167,weld,weld,15084.402648000001,
2007,2168,weld,weld,15096.579408,
2007,2169,weld,weld,15108.405648000002,
2007,2170,weld,weld,15120.591552,
2007,2171,weld,weld,15132.774408000001,
2007,2172,weld,weld,15144.957264,
2007,2173,weld,weld,15157.137072000001,
2007,2174,weld,weld,15169.304688,
2007,2176,weld,weld,15181.518023999999,
2007,2177,weld,weld,15193.706976000001,
2007,2178,weld,weld,15205.905072000001,
2007,2179,weld,weld,15218.08488,
2007,2180,weld,weld,15230.267736,
2007,2181,weld,weld,15242.465832,
2007,2182,weld,weld,15254.654784000002,
2007,2183,weld,weld,15266.843736,
2007,2184,weld,weld,15279.035736,
2007,2185,weld,weld,15291.206400000001,
2007,2187,weld,weld,15294.321456000001,
2007,2195,weld,weld,15306.531744,
2007,2196,weld,weld,15311.667624,
2007,2197,weld,weld,15323.841336000001,
2007,2198,weld,weld,15336.030288,
2007,2199,weld,weld,15348.213144000001,
2007,2200,weld,weld,15360.389904000001,
2007,2201,weld,weld,15371.423664000002,
2007,2202,weld,weld,15383.600424,
2007,2203,weld,weld,15395.789376000002,
2007,2204,weld,weld,15407.914320000002,
2007,2205,weld,weld,15420.097176000001,
2007,2206,weld,weld,15432.261744000001,
2007,2207,weld,weld,15444.42936,
2007,2209,weld,weld,15456.609168000003,
2007,2211,weld,weld,15468.795072,
2007,2212,weld,weld,15480.984024,
2007,2213,weld,weld,15493.16688,
2007,2214,weld,weld,15505.352784,
2007,2215,weld,weld,15517.361904000001,
2007,2216,weld,weld,15529.523424,
2007,2217,weld,weld,15541.709328,
2007,2218,weld,weld,15553.883040000002,
2007,2219,weld,weld,15566.053704000002,
2007,2220,weld,weld,15578.196936,
2007,2222,weld,weld,15590.065848000002,
2007,2224,weld,weld,15602.343192,
2007,2226,weld,weld,15604.650528,
2007,2227,weld,weld,15608.719608000001,
2007,2229,weld,weld,15612.581424,
2007,2230,weld,weld,15615.769632,
2007,2232,weld,weld,15618.083064,
2007,2233,weld,weld,15630.354312000001,
2007,2234,weld,weld,15642.332952,
2007,2235,weld,weld,15645.636984,
2007,2236,weld,weld,15655.283904000002,
2007,2237,weld,weld,15664.232832,
2007,2238,weld,weld,15667.430184,
2007,2239,weld,weld,15679.570368000002,
2007,2240,weld,weld,15691.737984000001,
2007,2241,weld,weld,15703.926936,
2007,2243,weld,weld,15707.575392,
2007,2244,weld,weld,15719.779584000002,
2007,2245,weld,weld,15725.397048,
2007,2246,weld,weld,15729.3564,
2007,2247,weld,weld,15737.397024,
2007,2248,weld,weld,15749.464056,
2007,2249,weld,weld,15755.517384,
2007,2250,weld,weld,15764.097504000001,
2007,2251,weld,weld,15776.259024,
2007,2252,weld,weld,15786.024816000001,
2007,2253,weld,weld,15798.22596,
2007,2254,weld,weld,15808.26912,
2007,2255,weld,weld,15815.453256,
2007,2257,weld,weld,15827.651352,
2007,2258,weld,weld,15839.8464,
2007,2259,weld,weld,15852.038400000001,
2007,2260,weld,weld,15864.236496,
2007,2261,weld,weld,15876.440688,
2007,2262,weld,weld,15888.593064,
2007,2263,weld,weld,15900.794208000001,
2007,2264,weld,weld,15912.992304000001,
2007,2265,weld,weld,15925.196496,
2007,2266,weld,weld,15937.403736,
2007,2267,weld,weld,15949.60488,
2007,2268,weld,weld,15961.809072,
2007,2269,weld,weld,15973.976688,
2007,2270,weld,weld,15986.171736,
2007,2271,weld,weld,15998.375928000001,
2007,2272,weld,weld,16010.58012,
2007,2273,weld,weld,16022.778216,
2007,2274,weld,weld,16034.973264,
2007,2275,weld,weld,16047.165264000001,
2007,2276,weld,weld,16059.342024,
2007,2277,weld,weld,16071.546216,
2007,2278,weld,weld,16083.722976000001,
2007,2279,weld,weld,16089.352632,
2007,2280,weld,weld,16101.54768,
2007,2281,weld,weld,16113.748824,
2007,2282,weld,weld,16125.959112000002,
2007,2283,weld,weld,16138.15416,
2007,2285,weld,weld,16150.337016,
2007,2286,weld,weld,16162.495488,
2007,2287,weld,weld,16174.65396,
2007,2288,weld,weld,16186.824624,
2007,2290,weld,weld,16199.03796,
2007,2291,weld,weld,16211.245200000001,
2007,2297,weld,weld,16223.440248,
2007,2298,weld,weld,16235.607864000001,
2007,2299,weld,weld,16247.8212,
2007,2300,weld,weld,16260.040632,
2007,2301,weld,weld,16272.253968000003,
2007,2302,weld,weld,16284.461208,
2007,2303,weld,weld,16296.671495999999,
2007,2304,weld,weld,16308.848256000001,
2007,2305,weld,weld,16318.385448,
2007,2306,weld,weld,16330.550016000001,
2007,2307,weld,weld,16342.723728,
2007,2308,weld,weld,16354.888296,
2007,2309,weld,weld,16367.019336000001,
2007,2310,weld,weld,16379.22048,
2007,2311,weld,weld,16389.117336,
2007,2312,weld,weld,16401.342864000002,
2007,2313,weld,weld,16413.550104,
2007,2314,weld,weld,16425.790872,
2007,2316,weld,weld,16437.998112,
2007,2317,weld,weld,16450.199256,
2007,2318,weld,weld,16462.38516,
2007,2319,weld,weld,16471.885776000003,
2007,2320,weld,weld,16484.059488,
2007,2322,weld,weld,16488.259632,
2007,2323,weld,weld,16500.46992,
2007,2324,weld,weld,16512.668016,
2007,2325,weld,weld,16515.185664,
2007,2326,weld,weld,16527.408144,
2007,2327,weld,weld,16539.642816,
2007,2328,weld,weld,16551.859200000003,
2007,2329,weld,weld,16564.072536,
2007,2330,weld,weld,16576.282824,
2007,2331,weld,weld,16586.77404,
2007,2332,weld,weld,16598.975184000003,
2007,2333,weld,weld,16611.176328,
2007,2334,weld,weld,16623.359184,
2007,2335,weld,weld,16632.945144,
2007,2336,weld,weld,16645.140192000003,
2007,2337,weld,weld,16657.326096,
2007,2338,weld,weld,16669.512000000002,
2007,2339,weld,weld,16681.707048,
2007,2340,weld,weld,16693.902096,
2007,2341,weld,weld,16706.100192,
2007,2342,weld,weld,16718.295240000003,
2007,2343,weld,weld,16730.490288,
2007,2344,weld,weld,16742.673144,
2007,2345,weld,weld,16754.856,
2007,2346,weld,weld,16767.044952,
2007,2347,weld,weld,16779.236952,
2007,2348,weld,weld,16791.422856,
2007,2350,weld,weld,16803.614856,
2007,2351,weld,weld,16815.803808,
2007,2352,weld,weld,16828.008,
2007,2353,weld,weld,16840.187808,
2007,2354,weld,weld,16852.370664000002,
2007,2355,weld,weld,16864.526088,
2007,2356,weld,weld,16876.727232,
2007,2357,weld,weld,16888.882656,
2007,2358,weld,weld,16901.071608000002,
2007,2359,weld,weld,16913.266656,
2007,2360,weld,weld,16925.461704,
2007,2361,weld,weld,16937.656752,
2007,2363,weld,weld,16949.854848000003,
2007,2364,weld,weld,16959.907152,
2007,2365,tee,tap,16966.542648000002,0.0
2007,2366,weld,weld,16972.093056,
2007,2367,weld,weld,16984.272864000002,
2007,2368,weld,weld,16996.47096,
2007,2369,weld,weld,17008.669056000002,
2007,2370,weld,weld,17019.660144,
2007,2371,weld,weld,17031.82776,
2007,2372,weld,weld,17043.998424,
2007,2373,weld,weld,17052.612072,
2007,2374,weld,weld,17064.82236,
2007,2375,weld,weld,17074.106568000003,
2007,2377,weld,weld,17086.319904000004,
2007,2378,weld,weld,17094.333096,
2007,2379,weld,weld,17106.531192000002,
2007,2380,weld,weld,17113.090488,
2007,2381,weld,weld,17125.261152,
2007,2382,weld,weld,17132.430048000002,
2007,2383,weld,weld,17144.606808,
2007,2384,weld,weld,17150.754624,
2007,2385,weld,weld,17162.583912000002,
2007,2386,weld,weld,17169.003,
2007,2387,weld,weld,17181.231576000002,
2007,2392,weld,weld,17187.153840000003,
2007,2393,weld,weld,17199.39156,
2007,2394,weld,weld,17205.475368000003,
2007,2395,weld,weld,17217.66432,
2007,2396,weld,weld,17225.403192,
2007,2397,weld,weld,17234.62644,
2007,2398,weld,weld,17243.554032,
2007,2399,weld,weld,17255.782608,
2007,2400,weld,weld,17265.444768,
2007,2402,weld,weld,17270.309376,
2007,2403,weld,weld,17282.516616,
2007,2404,weld,weld,17287.801848000003,
2007,2405,weld,weld,17300.009088,
2007,2406,weld,weld,17312.176704,
2007,2407,weld,weld,17324.335176,
2007,2408,weld,weld,17329.553352,
2007,2409,weld,weld,17335.167768000003,
2007,2411,weld,weld,17337.057528,
2007,2412,weld,weld,17349.228192000002,
2007,2413,weld,weld,17354.13852,
2007,2415,weld,weld,17356.458048,
2007,2416,weld,weld,17368.66224,
2007,2417,weld,weld,17379.382056000002,
2007,2419,weld,weld,17382.521496,
2007,2420,weld,weld,17387.608608000002,
2007,2421,weld,weld,17399.779272,
2007,2423,weld,weld,17406.378192,
2007,2424,weld,weld,17411.480544000002,
2007,2426,weld,weld,17415.903192,
2007,2428,weld,weld,17428.089096,
2007,2429,weld,weld,17429.853888,
2007,2430,weld,weld,17431.371792,
2007,2435,tee,tee,17437.449504,270.0
2007,2436,flange,flange,17438.168832,
2007,2437,tee,tap,17440.079928000003,90.0
2007,2438,tee,tap,17440.192704,270.0
2007,2439,valve,valve,17440.619424,
2007,2440,tee,tap,17441.049192000002,270.0
2007,2441,tee,tap,17441.146728,90.0
2007,2442,tee,tap,17441.917872,0.0
