pair,dst_id,src_id,category,confidence,score,dist_diff_m,clock_diff_deg,dst_type,dst_clock_deg,dst_depth_pct,dst_length_mm,dst_width_mm,dst_distance_m_aligned,src_type,src_clock_deg,src_depth_pct,src_length_mm,src_width_mm,src_distance_m,years,depth_growth_per_year,length_growth_mm_per_year,width_growth_mm_per_year,risk_index
2022_to_2015,1809,559,matched,0.7780771089294349,0.7780771089294349,2.4190841514619024,0.0,corrosion,120.0,16.0,35.559999999999995,27.94,4565.326900151462,,120.0,14.0,40.132,29.971999999999998,4562.907816,7.0,0.2857142857142857,-0.6531428571428576,-0.29028571428571376,0.03428571428571428
2022_to_2015,1252,535,matched,0.7734575474998202,0.7734575474998202,0.30141968756743154,0.0,axgr,120.0,13.0,33.019999999999996,17.779999999999998,4559.893676312433,,120.0,13.0,32.004,36.068,4560.195096,7.0,0.0,0.14514285714285688,-2.6125714285714285,0.0029028571428571376
2022_to_2015,3364,563,matched,0.770687233622034,0.770687233622034,5.5712873917373145,0.0,cigr,60.0,15.0,25.4,50.8,4568.991167391738,,60.0,13.0,28.955999999999996,53.08599999999999,4563.41988,7.0,0.2857142857142857,-0.5079999999999997,-0.32657142857142774,0.03428571428571428
2022_to_2015,3094,590,matched,0.7538409392416272,0.7538409392416272,9.56264778438981,0.0,gene,270.0,17.0,43.18,45.72,4599.69519978439,,270.0,17.0,48.00599999999999,35.05199999999999,4590.132552,7.0,0.0,-0.6894285714285705,1.524000000000001,0.03048000000000002
2022_to_2015,3131,477,matched,0.7514267229203189,0.7514267229203189,3.1819789048804523,0.0,corrosion,300.0,18.0,22.86,33.019999999999996,4219.49588509512,,300.0,14.0,11.937999999999999,23.875999999999998,4222.677864,7.0,0.5714285714285714,1.5602857142857143,1.306285714285714,0.12590285714285712
2022_to_2015,3363,570,matched,0.751387988140554,0.751387988140554,0.5965044472923182,0.0,gene,90.0,11.0,55.88,33.019999999999996,4563.557943552708,,90.0,10.0,49.022,58.92799999999999,4564.154448,7.0,0.14285714285714285,0.9797142857142863,-3.701142857142856,0.03673714285714287
2022_to_2015,2528,468,matched,0.7491600904664015,0.7491600904664015,2.2739660750994517,0.0,corrosion,150.0,21.0,33.019999999999996,27.94,4156.950633924901,,150.0,16.0,13.97,25.907999999999998,4159.2246000000005,7.0,0.7142857142857143,2.721428571428571,0.2902857142857148,0.14594857142857143
2022_to_2015,859,561,matched,0.745984772683859,0.745984772683859,4.7817102435528795,0.0,gene,120.0,23.0,40.64,50.8,4558.251073756447,,120.0,22.0,28.955999999999996,34.036,4563.032784,7.0,0.14285714285714285,1.6691428571428577,2.394857142857142,0.09842285714285715
2022_to_2015,1767,299,matched,0.7445838816746211,0.7445838816746211,12.780044372017073,0.0,,270.0,,58.419999999999995,,2893.789268372017,,270.0,16.0,53.08599999999999,48.00599999999999,2881.009224,7.0,,0.7620000000000005,,0.01524000000000001
2022_to_2015,1288,569,matched,0.7444433299736367,0.7444433299736367,2.966751259886223,0.0,axsl,60.0,19.0,20.32,7.619999999999999,4561.157216740114,,60.0,21.0,17.018,35.05199999999999,4564.123968,7.0,-0.2857142857142857,0.47171428571428564,-3.918857142857142,0.009434285714285714
2022_to_2015,2975,426,matched,0.7434754308035788,0.7434754308035788,13.068713448657945,0.0,gene,210.0,16.0,43.18,48.26,3774.7296545513423,,210.0,16.0,55.117999999999995,43.942,3787.798368,7.0,0.0,-1.7054285714285708,0.6168571428571425,0.012337142857142852
2022_to_2015,3137,573,matched,0.7397929983344081,0.7397929983344081,4.924625624596956,0.0,gene,30.0,15.0,43.18,33.019999999999996,4571.897310375403,,30.0,15.0,14.985999999999999,25.907999999999998,4576.821936,7.0,0.0,4.0277142857142865,1.0159999999999998,0.10087428571428575
2022_to_2015,4106,544,matched,0.7392752886216739,0.7392752886216739,11.294766766872272,0.0,corrosion,150.0,23.0,45.72,27.94,4550.796185233128,,150.0,19.0,42.925999999999995,38.099999999999994,4562.0909520000005,7.0,0.5714285714285714,0.39914285714285774,-1.4514285714285704,0.07655428571428571
2022_to_2015,2506,482,matched,0.7347591913898585,0.7347591913898585,5.25430322880311,0.0,corrosion,180.0,23.0,22.86,33.019999999999996,4273.069999228804,,180.0,12.0,12.953999999999999,32.004,4267.815696000001,7.0,1.5714285714285714,1.4151428571428573,0.14514285714285688,0.21977714285714284
2022_to_2015,663,551,matched,0.7322600590611072,0.7322600590611072,2.0344778520848195,0.0,gene,210.0,19.0,66.03999999999999,50.8,4564.442421852085,,210.0,19.0,34.036,36.068,4562.4079440000005,7.0,0.0,4.571999999999998,2.1045714285714285,0.13353142857142852
2022_to_2015,2836,615,matched,0.731115107194933,0.731115107194933,21.005834801900164,0.0,gene,180.0,14.0,48.26,43.18,4580.236677198101,,180.0,14.0,49.022,52.06999999999999,4601.242512000001,7.0,0.0,-0.10885714285714292,-1.2699999999999991,0.0
2022_to_2015,4368,301,matched,0.7277614200071545,0.7277614200071545,10.746467497317099,0.0,gene,60.0,15.0,50.8,33.019999999999996,2870.5401245026833,,60.0,13.0,34.036,43.942,2881.2865920000004,7.0,0.2857142857142857,2.394857142857142,-1.560285714285715,0.08218285714285713
2022_to_2015,1585,552,matched,0.7272127807179565,0.7272127807179565,12.00120723076634,0.0,gene,180.0,25.0,33.019999999999996,35.559999999999995,4574.424391230767,,180.0,15.0,38.099999999999994,35.05199999999999,4562.423184,7.0,1.4285714285714286,-0.7257142857142854,0.07257142857142895,0.17287999999999998
2022_to_2015,2820,365,matched,0.7259642716124937,0.7259642716124937,8.171398145314924,0.0,gene,150.0,21.0,53.339999999999996,55.88,3235.829662145315,,150.0,10.0,41.91,56.13399999999999,3227.658264,7.0,1.5714285714285714,1.6328571428571428,-0.03628571428571296,0.2212285714285714
2022_to_2015,682,303,matched,0.7251024751486448,0.7251024751486448,1.6295718192582171,0.0,corrosion,240.0,47.0,25.4,33.019999999999996,2881.406572180742,,240.0,30.0,16.002,34.036,2883.036144,7.0,2.4285714285714284,1.3425714285714285,-0.1451428571428579,0.31827999999999995
2022_to_2015,4057,558,matched,0.7201976824900017,0.7201976824900017,12.980869066249397,0.0,gene,120.0,21.0,35.559999999999995,68.58,4549.911706933751,,120.0,11.0,37.083999999999996,75.946,4562.892576,7.0,1.4285714285714286,-0.21771428571428583,-1.0522857142857143,0.1714285714285714
2022_to_2015,3038,512,matched,0.7175394006804365,0.7175394006804365,17.079724744836312,0.0,gene,60.0,16.0,50.8,48.26,4513.900804744837,,60.0,16.0,41.65599999999999,29.717999999999996,4496.821080000001,7.0,0.0,1.3062857142857152,2.648857142857143,0.07910285714285717
2022_to_2015,2131,586,matched,0.7171264791763039,0.7171264791763039,19.092570308886025,0.0,gene,240.0,27.0,43.18,55.88,4569.875645691114,,240.0,23.0,40.132,44.958,4588.968216,7.0,0.5714285714285714,0.43542857142857166,1.560285714285715,0.10848571428571428
2022_to_2015,2989,403,matched,0.7170363702175153,0.7170363702175153,1.305361168431773,0.0,gene,270.0,11.0,91.44,43.18,3539.2057188315684,,270.0,10.0,12.953999999999999,36.068,3540.51108,7.0,0.14285714285714285,11.212285714285715,1.0160000000000002,0.26170857142857146
2022_to_2015,3689,302,matched,0.714043926877288,0.714043926877288,2.21452742101701,0.0,gene,240.0,13.0,76.19999999999999,50.8,2885.0708394210174,,240.0,17.0,30.987999999999996,45.974,2882.8563120000003,7.0,-0.5714285714285714,6.458857142857141,0.6894285714285715,0.14296571428571428
2022_to_2015,1410,526,matched,0.7088040509304416,0.7088040509304416,3.630480901084411,30.0,gene,30.0,15.0,48.26,63.5,4555.723992901085,,0.0,14.0,48.00599999999999,55.117999999999995,4552.093512,7.0,0.14285714285714285,0.03628571428571498,1.1974285714285722,0.041817142857142886
2022_to_2015,3362,532,matched,0.7085085470175541,0.7085085470175541,1.4752948684172225,0.0,gene,150.0,12.0,109.21999999999998,76.19999999999999,4561.536278868418,,150.0,10.0,33.019999999999996,86.868,4560.060984000001,7.0,0.2857142857142857,10.885714285714284,-1.524000000000001,0.252
2022_to_2015,2130,568,matched,0.7072655969016357,0.7072655969016357,20.263401161886577,0.0,gene,120.0,38.0,55.88,96.52,4543.7203588381135,,120.0,27.0,55.117999999999995,95.758,4563.98376,7.0,1.5714285714285714,0.10885714285714394,0.10885714285714292,0.19292571428571428
2022_to_2015,4831,562,matched,0.7065122197611546,0.7065122197611546,20.953917589567027,0.0,corrosion,90.0,19.0,27.94,38.099999999999994,4542.456818410433,,90.0,13.0,25.907999999999998,26.924,4563.410736,7.0,0.8571428571428571,0.2902857142857148,1.5965714285714279,0.1405942857142857
2022_to_2015,1560,530,matched,0.7064450565781197,0.7064450565781197,6.133103783205115,0.0,gene,180.0,32.0,45.72,38.099999999999994,4553.702328216795,,180.0,19.0,48.00599999999999,14.985999999999999,4559.835432,7.0,1.8571428571428572,-0.32657142857142774,3.3019999999999996,0.28889714285714285
2022_to_2015,90,515,matched,0.7060585999961445,0.7060585999961445,17.341025001445814,0.0,gene,270.0,11.0,78.74,40.64,4514.658929001446,,270.0,12.0,56.13399999999999,29.971999999999998,4497.317904,7.0,-0.14285714285714285,3.2294285714285715,1.5240000000000005,0.09506857142857143
2022_to_2015,894,593,matched,0.7052273381851164,0.7052273381851164,22.919748180581337,0.0,gene,90.0,27.0,55.88,73.66,4570.254707819418,,90.0,23.0,40.894,73.914,4593.174456,7.0,0.5714285714285714,2.1408571428571435,-0.03628571428571498,0.11138857142857143
2022_to_2015,742,553,matched,0.7048268151826006,0.7048268151826006,16.25194430652482,0.0,gene,120.0,16.0,58.419999999999995,48.26,4546.247439693476,,120.0,10.0,40.894,41.91,4562.499384000001,7.0,0.8571428571428571,2.503714285714285,0.9071428571428574,0.1710742857142857
2022_to_2015,3359,419,matched,0.7022977257188191,0.7022977257188191,11.044352855442867,0.0,corrosion,300.0,13.0,27.94,25.4,3728.357720855443,,300.0,10.0,56.13399999999999,40.894,3717.313368,7.0,0.42857142857142855,-4.027714285714285,-2.2134285714285715,0.05142857142857143
2022_to_2015,3858,623,matched,0.7011114325219674,0.7011114325219674,0.5262128042622862,0.0,gene,330.0,41.0,35.559999999999995,35.559999999999995,4603.864883195738,,330.0,14.0,14.985999999999999,33.019999999999996,4604.391096,7.0,3.857142857142857,2.939142857142857,0.3628571428571427,0.5288971428571428
2022_to_2015,2395,523,matched,0.700175878694037,0.700175878694037,7.160045489736149,0.0,gene,60.0,14.0,165.1,33.019999999999996,4551.554309489737,,60.0,11.0,17.018,29.971999999999998,4544.3942640000005,7.0,0.42857142857142855,21.154571428571426,0.43542857142857117,0.4832285714285714
2022_to_2015,1248,567,uncertain,0.697846637498815,0.697846637498815,13.281510937944404,0.0,cigr,90.0,17.0,20.32,91.44,4550.290769062056,,90.0,11.0,23.875999999999998,59.943999999999996,4563.57228,,,,,
2022_to_2015,1673,601,uncertain,0.6977186483634825,0.6977186483634825,10.555506863694063,0.0,gene,120.0,19.0,38.099999999999994,33.019999999999996,4608.792690863695,,120.0,12.0,22.098,55.117999999999995,4598.2371840000005,,,,,
2022_to_2015,4228,448,uncertain,0.6969940739436924,0.6969940739436924,0.33222227111536995,30.0,gene,120.0,14.0,33.019999999999996,30.479999999999997,4010.2535902711156,,90.0,12.0,14.985999999999999,34.036,4009.9213680000003,,,,,
2022_to_2015,376,549,uncertain,0.6961441491305944,0.6961441491305944,8.671944076027103,0.0,gene,120.0,18.0,86.36,38.099999999999994,4571.012832076027,,120.0,15.0,22.098,35.05199999999999,4562.340888,,,,,
2022_to_2015,3331,379,uncertain,0.6952806111722438,0.6952806111722438,4.036770810408598,0.0,gene,150.0,30.0,50.8,33.019999999999996,3274.3676451895917,,150.0,20.0,45.72,73.406,3278.4044160000003,,,,,
2022_to_2015,4744,546,uncertain,0.695255010147856,0.695255010147856,12.689371194554042,0.0,gene,150.0,20.0,91.44,99.05999999999999,4549.532644805447,,150.0,24.0,68.58,78.74,4562.222016000001,,,,,
2022_to_2015,2463,304,uncertain,0.6943164415875096,0.6943164415875096,4.718334404683901,0.0,gene,210.0,17.0,78.74,38.099999999999994,2887.976982404684,,210.0,23.0,23.875999999999998,42.925999999999995,2883.258648,,,,,
2022_to_2015,3501,380,uncertain,0.6916565353265012,0.6916565353265012,7.835799252562083,0.0,gene,90.0,15.0,66.03999999999999,43.18,3286.3712792525625,,90.0,10.0,19.049999999999997,37.083999999999996,3278.5354800000005,,,,,
2022_to_2015,4374,345,uncertain,0.6914960566115833,0.6914960566115833,7.346978770656278,0.0,gene,120.0,12.0,88.89999999999999,48.26,3197.6707412293435,,120.0,10.0,23.875999999999998,59.943999999999996,3205.01772,,,,,
2022_to_2015,1731,538,uncertain,0.6906651466206679,0.6906651466206679,20.44657001724954,0.0,gene,150.0,12.0,53.339999999999996,66.03999999999999,4541.193277982751,,150.0,11.0,60.959999999999994,35.05199999999999,4561.639848000001,,,,,
2022_to_2015,862,654,uncertain,0.6900656597233636,0.6900656597233636,2.863377603738627,0.0,gene,150.0,14.0,132.07999999999998,43.18,4684.226054396262,,150.0,19.0,17.018,28.955999999999996,4687.089432000001,,,,,
2022_to_2015,1253,641,uncertain,0.6875759605964841,0.6875759605964841,16.799014776318472,0.0,gene,60.0,12.0,66.03999999999999,83.82,4645.309009223682,,60.0,10.0,35.05199999999999,69.08800000000001,4662.108024,,,,,
2022_to_2015,3607,450,uncertain,0.6869955275452342,0.6869955275452342,21.7356771705372,0.0,gene,90.0,26.0,43.18,40.64,3988.267986829463,,90.0,23.0,17.018,33.019999999999996,4010.0036640000003,,,,,
2022_to_2015,3093,547,uncertain,0.6854527552012295,0.6854527552012295,5.6562167995389245,0.0,gene,210.0,11.0,88.89999999999999,60.959999999999994,4556.608471200461,,210.0,10.0,20.066,38.862,4562.264688,,,,,
2022_to_2015,208,589,uncertain,0.6817189474594043,0.6817189474594043,25.111394702723373,0.0,gene,240.0,18.0,83.82,81.28,4614.2259147027235,,240.0,21.0,53.08599999999999,81.53399999999999,4589.11452,,,,,
2022_to_2015,3443,389,uncertain,0.6808872117995768,0.6808872117995768,4.868295575158754,0.0,gene,90.0,12.0,180.33999999999997,38.099999999999994,3375.956295575159,,90.0,15.0,9.906,16.002,3371.088,,,,,
2022_to_2015,3136,525,uncertain,0.6796702820234859,0.6796702820234859,16.708644241192815,0.0,gene,30.0,19.0,35.559999999999995,48.26,4534.622867758808,,30.0,27.0,13.97,33.019999999999996,4551.331512000001,,,,,
2022_to_2015,4211,348,uncertain,0.6795644304549828,0.6795644304549828,15.986338579381481,0.0,gene,180.0,20.0,60.959999999999994,40.64,3210.053437420619,,180.0,12.0,25.907999999999998,43.942,3226.0397760000005,,,,,
2022_to_2015,2775,534,uncertain,0.6784600801282222,0.6784600801282222,30.50446995191669,0.0,gene,150.0,26.0,35.559999999999995,30.479999999999997,4529.568706048084,,150.0,24.0,25.907999999999998,14.985999999999999,4560.073176000001,,,,,
2022_to_2015,4246,550,uncertain,0.677799460858083,0.677799460858083,15.766202178218919,0.0,gene,180.0,14.0,63.5,68.58,4546.626501821781,,180.0,12.0,42.925999999999995,34.036,4562.392704,,,,,
2022_to_2015,5154,456,uncertain,0.6753318374711462,0.6753318374711462,0.534560948320177,0.0,gene,180.0,16.0,66.03999999999999,58.419999999999995,4083.1598729483208,,180.0,10.0,16.002,30.987999999999996,4082.6253120000006,,,,,
2022_to_2015,3366,635,uncertain,0.6747436430863024,0.6747436430863024,3.001133842636591,0.0,gene,90.0,14.0,66.03999999999999,43.18,4658.955245842637,,90.0,18.0,38.099999999999994,132.07999999999998,4655.954112,,,,,
2022_to_2015,808,449,uncertain,0.6695126391091024,0.6695126391091024,12.329760334086586,0.0,gene,210.0,29.0,55.88,48.26,4022.257224334087,,210.0,24.0,40.894,93.98,4009.9274640000003,,,,,
2022_to_2015,3135,516,uncertain,0.6683657367213824,0.6683657367213824,0.37984872948163684,0.0,gene,270.0,10.0,241.29999999999998,96.52,4497.727487270518,,270.0,11.0,23.875999999999998,51.053999999999995,4498.107336,,,,,
2022_to_2015,470,368,uncertain,0.666241080628609,0.666241080628609,19.97359476427164,0.0,gene,180.0,33.0,73.66,58.419999999999995,3249.4758987642717,,180.0,35.0,25.907999999999998,66.03999999999999,3229.502304,,,,,
2022_to_2015,861,627,uncertain,0.6659342792292948,0.6659342792292948,5.43664528901445,0.0,gene,150.0,18.0,58.419999999999995,86.36,4633.684437289015,,150.0,24.0,18.034,52.06999999999999,4628.247792,,,,,
2022_to_2015,4835,580,uncertain,0.6656170734667052,0.6656170734667052,40.27359744998557,0.0,gene,240.0,12.0,66.03999999999999,45.72,4628.251213449986,,240.0,10.0,54.102,49.022,4587.977616,,,,,
2022_to_2015,2851,625,uncertain,0.6650525657246338,0.6650525657246338,15.65228785326235,0.0,gene,60.0,15.0,144.78,60.959999999999994,4612.583312146738,,60.0,11.0,25.907999999999998,51.053999999999995,4628.2356,,,,,
2022_to_2015,3713,636,uncertain,0.6587385194098181,0.6587385194098181,12.980055221318253,30.0,cigr,210.0,23.0,20.32,63.5,4668.937215221319,,240.0,17.0,27.94,70.866,4655.957160000001,,,,,
2022_to_2015,1671,369,uncertain,0.658539993393711,0.658539993393711,1.3965024773583536,0.0,gene,90.0,12.0,127.0,58.419999999999995,3230.9018544773585,,90.0,50.0,17.018,55.117999999999995,3229.505352,,,,,
2022_to_2015,3095,610,uncertain,0.6573597949430399,0.6573597949430399,2.0670768963600494,0.0,gene,30.0,13.0,170.18,78.74,4602.980404896361,,30.0,19.0,17.018,40.894,4600.913328000001,,,,,
2022_to_2015,2876,504,uncertain,0.6552401503659031,0.6552401503659031,5.735943612786286,0.0,gene,180.0,15.0,187.96,198.11999999999998,4453.756280387213,,180.0,,699.516,212.852,4459.492224,,,,,
2022_to_2015,1266,476,uncertain,0.649206233403199,0.649206233403199,6.842662473800374,30.0,gene,60.0,11.0,60.959999999999994,33.019999999999996,4229.477854473801,,30.0,14.0,32.004,20.066,4222.635192000001,,,,,
2022_to_2015,3010,300,uncertain,0.6474530057780533,0.6474530057780533,20.54112283323002,0.0,gene,30.0,12.0,101.6,60.959999999999994,2860.68450916677,,30.0,13.0,27.94,40.132,2881.225632,,,,,
2022_to_2015,1337,631,uncertain,0.6470283829831862,0.6470283829831862,0.018356381305238756,30.0,gene,180.0,13.0,215.89999999999998,116.83999999999999,4652.384835618695,,210.0,14.0,24.892,129.03199999999998,4652.403192000001,,,,,
2022_to_2015,1954,614,uncertain,0.6460202404910074,0.6460202404910074,41.633409815872255,0.0,corrosion,270.0,30.0,27.94,40.64,4559.514614184128,,270.0,29.0,12.953999999999999,25.907999999999998,4601.148024,,,,,
2022_to_2015,3853,457,uncertain,0.6451022798684849,0.6451022798684849,23.093645049318184,0.0,gene,30.0,23.0,33.019999999999996,30.479999999999997,4059.5316669506824,,30.0,25.0,18.034,82.042,4082.6253120000006,,,,,
2022_to_2015,1421,566,uncertain,0.6446148994562657,0.6446148994562657,0.7694127039003433,0.0,gene,90.0,20.0,469.9,172.72,4562.7998192960995,,90.0,14.0,20.066,14.985999999999999,4563.569232,,,,,
2022_to_2015,2386,513,uncertain,0.6442267175036975,0.6442267175036975,29.370980936113483,0.0,gene,60.0,23.0,76.19999999999999,40.64,4526.283500936113,,60.0,22.0,24.892,35.05199999999999,4496.91252,,,,,
2022_to_2015,2575,606,uncertain,0.6395460539954051,0.6395460539954051,5.170229751723127,0.0,gene,210.0,15.0,104.13999999999999,83.82,4605.507485751723,,210.0,11.0,21.081999999999997,16.002,4600.337256,,,,,
2022_to_2015,3290,467,uncertain,0.6392061626033674,0.6392061626033674,34.56268902373722,0.0,corrosion,90.0,26.0,27.94,33.019999999999996,4124.603998976263,,90.0,11.0,18.034,37.083999999999996,4159.166688,,,,,
2022_to_2015,1398,531,uncertain,0.6375761312075277,0.6375761312075277,27.03195079717716,0.0,gene,120.0,17.0,134.61999999999998,81.28,4532.980265202823,,120.0,10.0,19.049999999999997,81.026,4560.012216,,,,,
2022_to_2015,2819,332,uncertain,0.6364943202051184,0.6364943202051184,20.606629923080618,0.0,gene,180.0,22.0,50.8,40.64,3105.1795819230806,,180.0,20.0,24.383999999999997,123.444,3084.572952,,,,,
2022_to_2015,377,574,uncertain,0.6345553023312532,0.6345553023312532,2.0417616257800546,0.0,gene,150.0,19.0,391.15999999999997,345.44,4581.50021762578,,150.0,11.0,22.098,14.985999999999999,4579.458456,,,,,
2022_to_2015,602,306,uncertain,0.633958299920045,0.633958299920045,7.058637529983116,0.0,gene,180.0,12.0,114.3,35.559999999999995,2876.3524104700173,,180.0,39.0,36.068,45.974,2883.4110480000004,,,,,
2022_to_2015,1245,351,uncertain,0.6339155222185792,0.6339155222185792,12.008679168032813,30.0,axgr,240.0,13.0,66.03999999999999,25.4,3214.223120831967,,210.0,13.0,20.066,29.971999999999998,3226.2318,,,,,
2022_to_2015,1098,604,uncertain,0.6334380292675583,0.6334380292675583,4.9607390246656,0.0,gene,150.0,16.0,180.33999999999997,134.61999999999998,4603.359467024666,,150.0,10.0,17.018,20.066,4598.398728,,,,,
2022_to_2015,1558,541,uncertain,0.6280638287835665,0.6280638287835665,56.62206420616258,0.0,corrosion,150.0,14.0,27.94,17.779999999999998,4505.182375793837,,150.0,13.0,14.985999999999999,18.034,4561.80444,,,,,
2022_to_2015,4090,352,uncertain,0.62689582928797,0.62689582928797,8.664064017011242,0.0,gene,120.0,38.0,360.67999999999995,180.33999999999997,3235.4506000170113,,120.0,33.0,45.72,88.89999999999999,3226.786536,,,,,
2022_to_2015,4207,305,uncertain,0.6253219155841994,0.6253219155841994,31.02628165592523,0.0,gene,150.0,19.0,40.64,48.26,2852.3451423440747,,150.0,35.0,23.875999999999998,36.068,2883.371424,,,,,
2022_to_2015,4376,353,uncertain,0.6243456992144628,0.6243456992144628,40.38336279457644,0.0,gene,120.0,14.0,76.19999999999999,55.88,3267.2918187945766,,120.0,12.0,33.019999999999996,53.08599999999999,3226.908456,,,,,
2022_to_2015,2935,587,uncertain,0.6204508292437786,0.6204508292437786,44.87793903358306,0.0,corrosion,240.0,60.0,22.86,38.099999999999994,4544.099420966418,,240.0,46.0,29.971999999999998,40.894,4588.977360000001,,,,,
2022_to_2015,378,629,uncertain,0.6166021033751846,0.6166021033751846,2.524211234305767,0.0,gene,90.0,23.0,160.01999999999998,114.3,4626.229548765695,,90.0,10.0,27.94,61.97599999999999,4628.7537600000005,,,,,
2022_to_2015,3442,360,uncertain,0.6142855397883166,0.6142855397883166,17.22992257938131,30.0,gene,90.0,13.0,106.67999999999999,38.099999999999994,3210.053437420619,,120.0,13.0,23.875999999999998,42.925999999999995,3227.2833600000004,,,,,
2022_to_2015,4417,509,uncertain,0.6118135392201245,0.6118135392201245,10.569922792453326,0.0,gene,270.0,21.0,210.82,205.73999999999998,4485.723853207547,,270.0,29.0,18.034,29.971999999999998,4496.293776,,,,,
2022_to_2015,2849,591,uncertain,0.6040957868694046,0.6040957868694046,19.71407992397326,0.0,gene,270.0,12.0,106.67999999999999,81.28,4571.012832076027,,270.0,15.0,21.081999999999997,30.987999999999996,4590.726912,,,,,
2022_to_2015,3736,556,uncertain,0.5996581610136722,0.5996581610136722,38.15718961987295,0.0,gene,120.0,14.0,78.74,198.11999999999998,4524.6408983801275,,120.0,26.0,49.022,212.34399999999997,4562.7980880000005,,,,,
2022_to_2015,4022,7,uncertain,0.5938746463100848,0.5938746463100848,2.2970076337182173,0.0,gene,0.0,13.0,154.93999999999997,78.74,8.115639633718217,,0.0,,,,5.818632,,,,,
2022_to_2015,269,350,uncertain,0.5890835832659171,0.5890835832659171,62.38265627528108,0.0,corrosion,150.0,22.0,22.86,27.94,3163.6815037247193,,150.0,13.0,14.985999999999999,24.892,3226.0641600000004,,,,,
2022_to_2015,664,626,uncertain,0.5826769470144136,0.5826769470144136,12.7461448695949,0.0,gene,120.0,25.0,327.65999999999997,152.39999999999998,4615.489455130405,,120.0,10.0,20.066,56.896,4628.2356,,,,,
2022_to_2015,1215,293,uncertain,0.5818916956962348,0.5818916956962348,6.790614113911943,0.0,gene,0.0,26.0,241.29999999999998,137.16,2833.2656818860883,,0.0,,,,2840.056296,,,,,
2022_to_2015,2670,127,uncertain,0.5795538015583404,0.5795538015583404,7.6673244156223745,0.0,corrosion,0.0,30.0,15.239999999999998,25.4,929.7420275843776,,0.0,,,,937.409352,,,,,
2022_to_2015,3016,514,uncertain,0.5775949755436427,0.5775949755436427,21.249884171134,30.0,gene,30.0,10.0,203.2,43.18,4475.741883828866,,60.0,12.0,11.937999999999999,23.875999999999998,4496.991768,,,,,
2022_to_2015,1953,565,uncertain,0.5674003604537478,0.5674003604537478,24.72486482984459,0.0,gene,150.0,50.0,195.57999999999998,276.86,4538.792551170156,,150.0,40.0,25.145999999999997,76.96199999999999,4563.517416000001,,,,,
2022_to_2015,4858,5,uncertain,0.5573445349859913,0.5573445349859913,15.995799380253262,0.0,,0.0,,190.5,,-12.606423380253261,,0.0,,,,3.389376,,,,,
2022_to_2015,1677,545,uncertain,0.5546897207150808,0.5546897207150808,40.741354731844694,0.0,gene,150.0,15.0,132.07999999999998,137.16,4521.355693268156,,150.0,14.0,56.896,18.034,4562.0970480000005,,,,,
2022_to_2015,4494,239,uncertain,0.5474477852182451,0.5474477852182451,19.7070805431581,0.0,gene,0.0,11.0,137.16,55.88,2205.665151456842,,0.0,,,,2225.372232,,,,,
2022_to_2015,3886,475,uncertain,0.5462184427959534,0.5462184427959534,17.668083951517474,30.0,gene,0.0,12.0,350.52,71.11999999999999,4204.586108048483,,30.0,10.0,9.906,14.985999999999999,4222.254192,,,,,
2022_to_2015,751,240,uncertain,0.5456736820581961,0.5456736820581961,20.372369228176467,0.0,,0.0,,180.33999999999997,,2246.3511532281764,,0.0,,,,2225.978784,,,,,
2022_to_2015,3078,373,uncertain,0.5305107073527628,0.5305107073527628,1.058484742713972,30.0,gene,30.0,30.0,1455.4199999999998,248.92000000000002,3239.1148672572863,,0.0,,,,3240.1733520000002,,,,,
2022_to_2015,1645,579,uncertain,0.5208691676989669,0.5208691676989669,52.17406211288744,0.0,gene,240.0,15.0,127.0,144.78,4535.001929887113,,240.0,13.0,17.018,35.05199999999999,4587.175992,,,,,
2022_to_2015,4263,510,uncertain,0.5135395495036985,0.5135395495036985,29.92266893611304,30.0,gene,240.0,27.0,154.93999999999997,149.86,4526.283500936113,,270.0,29.0,21.081999999999997,35.05199999999999,4496.360832,,,,,
2022_to_2015,3747,322,uncertain,0.5120383597891147,0.5120383597891147,32.98561507908198,0.0,gene,0.0,16.0,96.52,50.8,2966.316488920918,,0.0,,,,2999.302104,,,,,
2022_to_2015,3624,4,uncertain,0.5051349872806337,0.5051349872806337,35.5743797697624,0.0,gene,270.0,25.0,863.5999999999999,116.83999999999999,38.0615477697624,,270.0,,,,2.487168,,,,,
2022_to_2015,4698,1,uncertain,0.5021937727755179,0.5021937727755179,11.677335209180807,30.0,corrosion,240.0,14.0,20.32,33.019999999999996,-12.101007209180807,,270.0,,,,-0.423672,,,,,
2022_to_2015,2484,511,new,0.48709672285104166,0.48709672285104166,17.33872893085936,60.0,gene,0.0,19.0,251.46,154.93999999999997,4479.406151069141,,60.0,19.0,17.018,27.94,4496.74488,,,,,
2022_to_2015,2327,359,new,0.43219871725432923,0.43219871725432923,6.675481029626553,180.0,gene,300.0,27.0,256.53999999999996,175.26,3220.5408229703735,,120.0,22.0,29.971999999999998,56.13399999999999,3227.216304,,,,,
2022_to_2015,758,374,new,0.42389444876557175,0.42389444876557175,41.0395817129106,30.0,,330.0,,480.05999999999995,,3281.8225337129106,,0.0,,,,3240.782952,,,,,
2022_to_2015,587,287,new,0.3999533360733913,0.3999533360733913,0.01749897247827903,,gene,330.0,13.0,60.959999999999994,86.36,2771.4785549724784,,,,,,2771.461056,,,,,
2022_to_2015,3626,39,new,0.3999481550539423,0.3999481550539423,0.019441854771628186,,gene,120.0,17.0,198.11999999999998,104.13999999999999,133.71155814522837,,,,,,133.731,,,,,
2022_to_2015,1629,116,new,0.3999402379499552,0.3999402379499552,0.022410768766803812,,gene,120.0,15.0,63.5,40.64,850.5180427687669,,,,,,850.4956320000001,,,,,
2022_to_2015,2066,195,new,0.3999360758149057,0.3999360758149057,0.023971569410377924,,,90.0,,332.73999999999995,,1721.4764595694105,,,,,,1721.4524880000001,,,,,
2022_to_2015,3931,207,new,0.3999291481948391,0.3999291481948391,0.026569426935338925,,gene,210.0,23.0,165.1,55.88,1862.8666334269356,,,,,,1862.8400640000002,,,,,
2022_to_2015,4187,142,new,0.3999263877184288,0.3999263877184288,0.027604605589203857,,gene,180.0,20.0,38.099999999999994,40.64,1118.2622593944109,,,,,,1118.289864,,,,,
2022_to_2015,3686,282,new,0.3999180812974664,0.3999180812974664,0.030719513450094382,,gene,90.0,14.0,48.26,48.26,2710.9549684865497,,,,,,2710.9856879999998,,,,,
2022_to_2015,4661,158,new,0.3999153448669513,0.3999153448669513,0.031745674893272735,,gene,270.0,60.0,731.52,182.88,1308.1723856748933,,,,,,1308.14064,,,,,
2022_to_2015,3262,266,new,0.39991270351066244,0.39991270351066244,0.03273618350158358,,gene,60.0,13.0,142.23999999999998,50.8,2532.795768183502,,,,,,2532.7630320000003,,,,,
2022_to_2015,1189,68,new,0.3998948529051224,0.3998948529051224,0.039430160579115636,,corrosion,300.0,13.0,25.4,17.779999999999998,304.16316183942087,,,,,,304.202592,,,,,
2022_to_2015,710,255,new,0.39986708074402244,0.39986708074402244,0.049844720991586655,,gene,90.0,18.0,200.66,50.8,2398.4814207209915,,,,,,2398.431576,,,,,
2022_to_2015,1921,264,new,0.3998660583639648,0.3998660583639648,0.050228113513185235,,,60.0,,185.42,,2508.283083886487,,,,,,2508.333312,,,,,
2022_to_2015,1358,212,new,0.39984476277644965,0.39984476277644965,0.058213958831402124,,axgr,90.0,11.0,91.44,25.4,1923.769282041169,,,,,,1923.8274960000003,,,,,
2022_to_2015,2119,192,new,0.39984333404601846,0.39984333404601846,0.05874973274308104,,gene,120.0,19.0,198.11999999999998,121.91999999999999,1692.4150297327433,,,,,,1692.3562800000002,,,,,
2022_to_2015,1161,126,new,0.3998243668045625,0.3998243668045625,0.06586244828906729,,gene,270.0,44.0,127.0,38.099999999999994,935.554313551711,,,,,,935.620176,,,,,
2022_to_2015,4641,73,new,0.39981621178144455,0.39981621178144455,0.06892058195830941,,gene,330.0,13.0,208.27999999999997,71.11999999999999,365.44487258195835,,,,,,365.37595200000004,,,,,
2022_to_2015,4282,81,new,0.39979580487662664,0.39979580487662664,0.07657317126501084,,gene,60.0,15.0,99.05999999999999,68.58,461.726653171265,,,,,,461.65008,,,,,
2022_to_2015,2966,217,new,0.3997951961593705,0.3997951961593705,0.07680144023606772,,gene,120.0,42.0,457.2,167.64,1978.4805825597641,,,,,,1978.5573840000002,,,,,
2022_to_2015,3012,408,new,0.39979466183863527,0.39979466183863527,0.07700181051177424,,gene,30.0,14.0,177.79999999999998,88.89999999999999,3589.3682738105117,,,,,,3589.291272,,,,,
2022_to_2015,2805,34,new,0.3997847385003184,0.3997847385003184,0.08072306238059923,,gene,60.0,30.0,50.8,43.18,124.23500493761941,,,,,,124.31572800000001,,,,,
2022_to_2015,3739,51,new,0.3997635798333862,0.3997635798333862,0.08865756248019352,,gene,330.0,13.0,88.89999999999999,63.5,205.48065443751983,,,,,,205.56931200000002,,,,,
2022_to_2015,3915,52,new,0.3997524190261304,0.3997524190261304,0.0928428652011064,,gene,180.0,35.0,175.26,139.7,206.7441948652011,,,,,,206.651352,,,,,
2022_to_2015,4450,29,new,0.3997505479021339,0.3997505479021339,0.09354453669980956,,gene,60.0,13.0,215.89999999999998,76.19999999999999,108.06168746330019,,,,,,108.155232,,,,,
2022_to_2015,4563,107,new,0.39974652905794245,0.39974652905794245,0.09505160327159956,,gene,210.0,12.0,48.26,50.8,740.7163796032717,,,,,,740.6213280000001,,,,,
2022_to_2015,850,50,new,0.39973474669290304,0.39973474669290304,0.09946999016136715,,gene,330.0,14.0,109.21999999999998,43.18,204.21711400983867,,,,,,204.31658400000003,,,,,
2022_to_2015,254,102,new,0.39972259367576074,0.39972259367576074,0.10402737158972286,,gene,330.0,14.0,215.89999999999998,73.66,704.5791233715897,,,,,,704.475096,,,,,
2022_to_2015,5109,283,new,0.39971207624610305,0.39971207624610305,0.10797140771137492,,gene,150.0,34.0,30.479999999999997,45.72,2723.084956592289,,,,,,2723.1929280000004,,,,,
2022_to_2015,5118,103,new,0.3997100731588289,0.3997100731588289,0.10872256543916592,,gene,120.0,14.0,175.26,104.13999999999999,716.5827574345608,,,,,,716.69148,,,,,
2022_to_2015,1668,137,new,0.3997093472528601,0.3997093472528601,0.10899478017745423,,gene,90.0,13.0,104.13999999999999,60.959999999999994,1057.3596107801775,,,,,,1057.250616,,,,,
2022_to_2015,3046,76,new,0.3997076451785191,0.3997076451785191,0.10963305805535128,,axgr,210.0,14.0,35.559999999999995,17.779999999999998,401.9611909419447,,,,,,402.0708240000001,,,,,
2022_to_2015,4026,178,new,0.3997054809734861,0.3997054809734861,0.1104446349427235,,gene,90.0,12.0,127.0,48.26,1547.3605886349428,,,,,,1547.250144,,,,,
2022_to_2015,4840,495,new,0.3996887672329855,0.3996887672329855,0.11671228763043473,,gene,150.0,13.0,220.97999999999996,81.28,4357.22179171237,,,,,,4357.338504,,,,,
2022_to_2015,4467,110,new,0.39967609578797236,0.39967609578797236,0.12146407951036053,,gene,150.0,16.0,261.62,165.1,777.1063439204897,,,,,,777.2278080000001,,,,,
2022_to_2015,1092,259,new,0.39967214060732537,0.39967214060732537,0.1229472722529863,,corrosion,270.0,21.0,17.779999999999998,33.019999999999996,2447.380435272253,,,,,,2447.257488,,,,,
2022_to_2015,3642,121,new,0.3996523489899913,0.3996523489899913,0.1303691287532729,,gene,240.0,16.0,121.91999999999999,76.19999999999999,887.0343611287533,,,,,,886.903992,,,,,
2022_to_2015,502,242,new,0.39965150376657643,0.39965150376657643,0.1306860875338316,,gene,180.0,18.0,45.72,48.26,2248.372817912466,,,,,,2248.503504,,,,,
2022_to_2015,970,172,new,0.3996405666736264,0.3996405666736264,0.1347874973901071,,gene,180.0,11.0,71.11999999999999,91.44,1479.0030514973903,,,,,,1478.8682640000002,,,,,
2022_to_2015,1223,11,new,0.3996288916287366,0.3996288916287366,0.13916563922378167,,gene,150.0,26.0,248.92000000000002,160.01999999999998,10.263658360776219,,,,,,10.402824,,,,,
2022_to_2015,1862,254,new,0.3996285636926611,0.3996285636926611,0.13928861525209868,,,270.0,,96.52,,2386.351432615252,,,,,,2386.212144,,,,,
2022_to_2015,1130,97,new,0.3995962232222837,0.3995962232222837,0.15141629164361348,,gene,180.0,11.0,86.36,40.64,652.3949037083564,,,,,,652.54632,,,,,
2022_to_2015,3117,245,new,0.39959435093131596,0.39959435093131596,0.15211840075653527,,gene,30.0,12.0,55.88,33.019999999999996,2285.268198400757,,,,,,2285.1160800000002,,,,,
2022_to_2015,1120,113,new,0.3995941429099188,0.3995941429099188,0.15219640878046903,,gene,300.0,12.0,165.1,40.64,814.0017244087805,,,,,,813.8495280000001,,,,,
2022_to_2015,618,160,new,0.3995884427415768,0.3995884427415768,0.1543339719087271,,,180.0,,251.46,,1332.6850699719087,,,,,,1332.530736,,,,,
2022_to_2015,1174,272,new,0.3995737153548871,0.3995737153548871,0.15985674191733779,,gene,60.0,10.0,134.61999999999998,40.64,2589.149671258083,,,,,,2589.3095280000002,,,,,
2022_to_2015,3549,176,new,0.39953832169947784,0.39953832169947784,0.1731293626958177,,gene,120.0,37.0,66.03999999999999,73.66,1523.7323826373042,,,,,,1523.905512,,,,,
2022_to_2015,3636,99,new,0.3995292852336094,0.3995292852336094,0.17651803739647676,,gene,60.0,20.0,78.74,38.099999999999994,676.7812339626034,,,,,,676.9577519999999,,,,,
2022_to_2015,4639,46,new,0.39952201272023746,0.39952201272023746,0.17924522991097547,,gene,330.0,14.0,76.19999999999999,73.66,196.004101229911,,,,,,195.824856,,,,,
2022_to_2015,4094,410,new,0.3995214079445941,0.3995214079445941,0.17947202077721158,,gene,120.0,21.0,33.019999999999996,45.72,3613.501895979223,,,,,,3613.681368,,,,,
2022_to_2015,233,30,new,0.3995186506152382,0.3995186506152382,0.1805060192856729,,axgr,330.0,19.0,50.8,20.32,109.70429001928568,,,,,,109.523784,,,,,
2022_to_2015,759,452,new,0.39951722027451253,0.39951722027451253,0.18104239705780856,,,330.0,,441.9599999999999,,4034.260858397058,,,,,,4034.0798160000004,,,,,
2022_to_2015,4760,196,new,0.3995128470196845,0.3995128470196845,0.18268236761832668,,gene,150.0,12.0,104.13999999999999,76.19999999999999,1733.4800936323818,,,,,,1733.6627760000001,,,,,
2022_to_2015,4068,236,new,0.39950533162987756,0.39950533162987756,0.18550063879592926,,gene,90.0,20.0,160.01999999999998,55.88,2199.473803361204,,,,,,2199.659304,,,,,
2022_to_2015,791,328,new,0.39950448925621584,0.39950448925621584,0.18581652891907652,,gene,60.0,18.0,38.099999999999994,33.019999999999996,3036.063920528919,,,,,,3035.878104,,,,,
2022_to_2015,4828,201,new,0.3995036933164284,0.3995036933164284,0.18611500633937794,,gene,90.0,18.0,213.35999999999999,71.11999999999999,1790.7184750063393,,,,,,1790.53236,,,,,
2022_to_2015,5050,493,new,0.39950004110761317,0.39950004110761317,0.18748458464506257,,,330.0,,182.88,,4332.709107415355,,,,,,4332.896592,,,,,
2022_to_2015,1842,25,new,0.3994952744693592,0.3994952744693592,0.18927207399030976,,,240.0,,48.26,,79.88473592600968,,,,,,80.07400799999999,,,,,
2022_to_2015,2272,117,new,0.39949242888463565,0.39949242888463565,0.19033916826163022,,gene,210.0,20.0,152.39999999999998,139.7,862.5216768317384,,,,,,862.7120160000001,,,,,
2022_to_2015,3630,66,new,0.3994763825163277,0.3994763825163277,0.19635655637711125,,gene,120.0,15.0,104.13999999999999,71.11999999999999,300.37254055637715,,,,,,300.17618400000003,,,,,
2022_to_2015,2981,43,new,0.3994624497051279,0.3994624497051279,0.20158136057705178,,gene,270.0,15.0,586.74,124.46000000000001,172.75495736057707,,,,,,172.55337600000001,,,,,
2022_to_2015,54,40,new,0.3994170906650915,0.3994170906650915,0.21859100059069192,,axgr,330.0,12.0,60.959999999999994,25.4,136.2386390005907,,,,,,136.020048,,,,,
2022_to_2015,3381,169,new,0.39941639163358983,0.39941639163358983,0.21885313740381207,,axgr,150.0,12.0,43.18,17.779999999999998,1442.486733137404,,,,,,1442.26788,,,,,
2022_to_2015,620,206,new,0.3993943270294294,0.3993943270294294,0.22712736396397304,,gene,240.0,10.0,568.9599999999999,96.52,1850.8629993639643,,,,,,1850.6358720000003,,,,,
2022_to_2015,30,162,new,0.39939068292760327,0.39939068292760327,0.2284939021487844,,gene,240.0,12.0,78.74,78.74,1356.6923380978512,,,,,,1356.920832,,,,,
2022_to_2015,3485,61,new,0.3993734074972737,0.3993734074972737,0.234972188522363,,corrosion,210.0,16.0,20.32,17.779999999999998,262.7190358114777,,,,,,262.95400800000004,,,,,
2022_to_2015,3486,71,new,0.3993618138650853,0.3993618138650853,0.23931980059302305,,corrosion,210.0,16.0,27.94,33.019999999999996,340.679480199407,,,,,,340.91880000000003,,,,,
2022_to_2015,1239,57,new,0.3993354076379165,0.3993354076379165,0.24922213578133778,,gene,210.0,12.0,111.76,60.959999999999994,228.22438213578135,,,,,,227.97516000000002,,,,,
2022_to_2015,3820,24,new,0.3993349045305378,0.3993349045305378,0.24941080104832736,,axgr,240.0,11.0,50.8,22.86,77.73671719895168,,,,,,77.98612800000001,,,,,
2022_to_2015,309,31,new,0.3993190777111604,0.3993190777111604,0.25534585831488243,,axgr,150.0,20.0,58.419999999999995,22.86,115.13751385831489,,,,,,114.88216800000001,,,,,
2022_to_2015,2280,32,new,0.39930650057067724,0.39930650057067724,0.2600622859960424,,gene,30.0,10.0,78.74,60.959999999999994,116.40105428599605,,,,,,116.14099200000001,,,,,
2022_to_2015,4520,75,new,0.3993047860017843,0.3993047860017843,0.260705249330897,,gene,90.0,19.0,45.72,60.959999999999994,389.5784947506691,,,,,,389.8392,,,,,
2022_to_2015,2502,414,new,0.3992728195765631,0.3992728195765631,0.2726926587888556,,axgr,180.0,18.0,81.28,27.94,3662.779972658789,,,,,,3662.5072800000003,,,,,
2022_to_2015,4874,91,new,0.39926428530235625,0.39926428530235625,0.2758930116164038,,gene,300.0,10.0,104.13999999999999,50.8,579.3622669883837,,,,,,579.6381600000001,,,,,
2022_to_2015,4652,132,new,0.39926380222414903,0.39926380222414903,0.2760741659441237,,gene,120.0,19.0,58.419999999999995,40.64,996.4569621659441,,,,,,996.180888,,,,,
2022_to_2015,23,154,new,0.39925388466150435,0.39925388466150435,0.279793251935871,,gene,150.0,17.0,86.36,45.72,1259.652433251936,,,,,,1259.37264,,,,,
2022_to_2015,3567,251,new,0.3992383388745633,0.3992383388745633,0.28562292203878314,,gene,270.0,40.0,160.01999999999998,71.11999999999999,2358.174481077961,,,,,,2358.460104,,,,,
2022_to_2015,3604,436,new,0.39923025815061797,0.39923025815061797,0.28865319351825747,,gene,270.0,11.0,172.72,60.959999999999994,3877.076429193519,,,,,,3876.7877760000006,,,,,
2022_to_2015,1323,143,new,0.3992281449907878,0.3992281449907878,0.28944562845458677,,gene,90.0,14.0,162.56,66.03999999999999,1130.7713096284547,,,,,,1130.481864,,,,,
2022_to_2015,371,232,new,0.39922098349317947,0.39922098349317947,0.2921311900577166,,gene,120.0,20.0,160.01999999999998,68.58,2150.574788809942,,,,,,2150.86692,,,,,
2022_to_2015,1260,320,new,0.3992115566433374,0.3992115566433374,0.29566625874849706,,gene,210.0,41.0,1351.28,312.42,2998.2840617412517,,,,,,2998.579728,,,,,
2022_to_2015,4655,144,new,0.3992106640190298,0.3992106640190298,0.2960009928638101,,gene,270.0,27.0,337.82,93.98,1140.7532790071361,,,,,,1141.04928,,,,,
2022_to_2015,3668,199,new,0.39920734021605375,0.39920734021605375,0.2972474189798504,,gene,60.0,24.0,33.019999999999996,45.72,1765.8267285810202,,,,,,1766.123976,,,,,
2022_to_2015,976,226,new,0.39918692475829576,0.39918692475829576,0.30490321563911493,,,300.0,,55.88,,2085.502456784361,,,,,,2085.8073600000002,,,,,
2022_to_2015,2796,257,new,0.39918519692515597,0.39918519692515597,0.30555115306651714,,gene,30.0,15.0,185.42,81.28,2422.4886888469337,,,,,,2422.79424,,,,,
2022_to_2015,2193,36,new,0.3991600585344253,0.3991600585344253,0.3149780495905077,,gene,150.0,22.0,81.28,30.479999999999997,127.5202100495905,,,,,,127.205232,,,,,
2022_to_2015,481,49,new,0.39915168624501884,0.39915168624501884,0.31811765811792725,,gene,150.0,43.0,58.419999999999995,58.419999999999995,199.28930634188208,,,,,,199.607424,,,,,
2022_to_2015,1025,85,new,0.3991407668038789,0.3991407668038789,0.32221244854542874,,,300.0,,152.39999999999998,,510.1202515514546,,,,,,510.44246400000003,,,,,
2022_to_2015,3156,62,new,0.39913974898384613,0.39913974898384613,0.32259413105771273,,axsl,240.0,12.0,35.559999999999995,7.619999999999999,275.48079413105773,,,,,,275.1582,,,,,
2022_to_2015,3124,398,new,0.3991346966044791,0.3991346966044791,0.3244887733203541,,gene,210.0,27.0,165.1,106.67999999999999,3479.9456727733204,,,,,,3479.621184,,,,,
2022_to_2015,1994,69,new,0.3991324477397122,0.3991324477397122,0.3253320976079408,,,90.0,,76.19999999999999,,316.16679590239204,,,,,,316.492128,,,,,
2022_to_2015,2261,64,new,0.39910780021043424,0.39910780021043424,0.33457492108715314,,axgr,120.0,11.0,83.82,25.4,289.63244692108714,,,,,,289.297872,,,,,
2022_to_2015,3244,189,new,0.3990951972138058,0.3990951972138058,0.3393010448228324,,gene,60.0,16.0,35.559999999999995,43.18,1660.5738109551771,,,,,,1660.913112,,,,,
2022_to_2015,5093,120,new,0.39908842600019123,0.39908842600019123,0.341840249928282,,gene,150.0,17.0,116.83999999999999,88.89999999999999,877.0523917500718,,,,,,877.3942320000001,,,,,
2022_to_2015,3912,21,new,0.3990517336922663,0.3990517336922663,0.3555998654001442,,gene,210.0,26.0,129.54,66.03999999999999,44.25289586540015,,,,,,43.897296000000004,,,,,
2022_to_2015,3627,41,new,0.3990372558273538,0.3990372558273538,0.36102906474235397,,gene,60.0,40.0,76.19999999999999,78.74,147.86321093525765,,,,,,148.22424,,,,,
2022_to_2015,296,124,new,0.3990114115137791,0.3990114115137791,0.3707206823328306,,corrosion,180.0,34.0,33.019999999999996,22.86,923.0452633176671,,,,,,923.415984,,,,,
2022_to_2015,1138,269,new,0.39900944915719083,0.39900944915719083,0.371456566053439,,axgr,180.0,16.0,60.959999999999994,20.32,2557.5611605660533,,,,,,2557.189704,,,,,
2022_to_2015,1884,273,new,0.3989982541894763,0.3989982541894763,0.3756546789463755,,gene,120.0,23.0,50.8,45.72,2601.153305321054,,,,,,2601.5289600000006,,,,,
2022_to_2015,2951,86,new,0.3989866775631936,0.3989866775631936,0.3799959138024178,,gene,120.0,12.0,314.96,134.61999999999998,523.0083639138024,,,,,,522.628368,,,,,
2022_to_2015,3198,237,new,0.39895425446446825,0.39895425446446825,0.3921545758244065,,gene,90.0,25.0,165.1,35.559999999999995,2211.4774374241756,,,,,,2211.869592,,,,,
2022_to_2015,4810,145,new,0.39895298846209154,0.39895298846209154,0.39262932671567796,,gene,0.0,14.0,683.2599999999999,53.339999999999996,1153.5150373267159,,,,,,1153.1224080000002,,,,,
2022_to_2015,2987,253,new,0.39893336078845704,0.39893336078845704,0.39998970432861825,,gene,270.0,13.0,365.76,91.44,2373.5896742956716,,,,,,2373.989664,,,,,
2022_to_2015,320,129,new,0.3989177071841129,0.3989177071841129,0.40585980595767523,,gene,210.0,12.0,353.06,63.5,959.9406438059577,,,,,,959.5347840000001,,,,,
2022_to_2015,658,179,new,0.39889625630581516,0.39889625630581516,0.4139038853193142,,gene,270.0,12.0,429.25999999999993,53.339999999999996,1556.9634958853194,,,,,,1556.549592,,,,,
2022_to_2015,165,27,new,0.3988732871287221,0.3988732871287221,0.4225173267292206,,corrosion,150.0,12.0,15.239999999999998,22.86,93.91003467327079,,,,,,94.332552,,,,,
2022_to_2015,962,114,new,0.3988520755825257,0.3988520755825257,0.4304716565528679,,,270.0,,114.3,,825.6262963434472,,,,,,826.056768,,,,,
2022_to_2015,5113,83,new,0.3988519105231568,0.3988519105231568,0.43053355381618985,,gene,210.0,13.0,88.89999999999999,71.11999999999999,486.49204555381624,,,,,,486.06151200000005,,,,,
2022_to_2015,1973,188,new,0.39884757482710004,0.39884757482710004,0.4321594398375055,,,180.0,,147.32,,1653.4979845601624,,,,,,1653.930144,,,,,
2022_to_2015,82,119,new,0.3988256383419533,0.3988256383419533,0.4403856217675184,,gene,180.0,18.0,30.479999999999997,88.89999999999999,876.6733296217676,,,,,,876.2329440000001,,,,,
2022_to_2015,3088,496,new,0.39882438924813324,0.39882438924813324,0.4408540319500389,,gene,270.0,30.0,490.21999999999997,205.73999999999998,4369.9835500319505,,,,,,4369.542696,,,,,
2022_to_2015,2903,219,new,0.39881496182855214,0.39881496182855214,0.44438931429294826,,gene,330.0,12.0,233.67999999999998,86.36,2002.4878506857071,,,,,,2002.93224,,,,,
2022_to_2015,1356,16,new,0.3988082051921774,0.3988082051921774,0.4469230529334709,,gene,210.0,10.0,93.98,68.58,29.722180947066533,,,,,,30.169104000000004,,,,,
2022_to_2015,3380,165,new,0.3987955714281428,0.3987955714281428,0.4516607144464615,,gene,120.0,27.0,76.19999999999999,43.18,1393.9667807144465,,,,,,1393.51512,,,,,
2022_to_2015,4028,246,new,0.3987868435611308,0.3987868435611308,0.45493366457594675,,gene,90.0,10.0,307.34,53.339999999999996,2296.892770335424,,,,,,2297.347704,,,,,
2022_to_2015,1158,72,new,0.39878635269967544,0.39878635269967544,0.4551177376217197,,gene,210.0,12.0,91.44,106.67999999999999,352.6831142623783,,,,,,353.138232,,,,,
2022_to_2015,3521,45,new,0.3987814253409413,0.3987814253409413,0.4569654971470243,,gene,210.0,22.0,63.5,53.339999999999996,193.85608250285298,,,,,,194.313048,,,,,
2022_to_2015,3286,432,new,0.3987433346975753,0.3987433346975753,0.4712494884092848,,gene,60.0,29.0,284.47999999999996,106.67999999999999,3851.4265585115904,,,,,,3851.8978079999997,,,,,
2022_to_2015,1065,222,new,0.3987289627885142,0.3987289627885142,0.47663895430719094,,,300.0,,187.96,,2039.0041690456928,,,,,,2039.480808,,,,,
2022_to_2015,4099,438,new,0.3987055231764183,0.3987055231764183,0.4854288088431531,,gene,150.0,26.0,63.5,58.419999999999995,3900.704635191157,,,,,,3901.1900640000003,,,,,
2022_to_2015,5128,191,new,0.39870253997653166,0.39870253997653166,0.48654750880064057,,gene,30.0,18.0,238.76,210.82,1685.8446195088009,,,,,,1685.3580720000002,,,,,
2022_to_2015,3007,220,new,0.3986577247771893,0.3986577247771893,0.5033532085540173,,gene,30.0,13.0,154.93999999999997,40.64,2014.617838791446,,,,,,2015.121192,,,,,
2022_to_2015,3344,84,new,0.3986566276271436,0.3986566276271436,0.5037646398211564,,gene,180.0,17.0,111.76,50.8,497.7375553601789,,,,,,498.24132000000003,,,,,
2022_to_2015,3671,214,new,0.39863694444562986,0.39863694444562986,0.5111458328888148,,gene,270.0,13.0,63.5,35.559999999999995,1947.7765501671115,,,,,,1948.2876960000003,,,,,
2022_to_2015,4686,153,new,0.39862965549609486,0.39862965549609486,0.5138791889644381,,,270.0,,320.03999999999996,,1247.6487991889646,,,,,,1247.1349200000002,,,,,
2022_to_2015,3356,315,new,0.3986252252717398,0.3986252252717398,0.5155405230975703,,gene,300.0,16.0,114.3,111.76,2967.959091476903,,,,,,2968.4746320000004,,,,,
2022_to_2015,3008,258,new,0.39860160775974757,0.39860160775974757,0.5243970900946806,,gene,60.0,15.0,76.19999999999999,48.26,2434.4923229099054,,,,,,2435.01672,,,,,
2022_to_2015,24,159,new,0.39857151362549487,0.39857151362549487,0.5356823904394332,,gene,270.0,29.0,177.79999999999998,154.93999999999997,1319.7969576095606,,,,,,1320.33264,,,,,
2022_to_2015,4138,183,new,0.39857142345989816,0.39857142345989816,0.5357162025381967,,axgr,120.0,14.0,53.339999999999996,25.4,1593.3534602025381,,,,,,1592.817744,,,,,
2022_to_2015,1152,18,new,0.39854075147314383,0.39854075147314383,0.5472181975710839,,gene,120.0,25.0,58.419999999999995,71.11999999999999,32.24926180242892,,,,,,32.79648,,,,,
2022_to_2015,3230,111,new,0.3985163725790996,0.3985163725790996,0.5563602828376588,,gene,60.0,45.0,459.74,304.79999999999995,789.9944562828377,,,,,,789.4380960000001,,,,,
2022_to_2015,2370,146,new,0.3984986536882098,0.3984986536882098,0.5630048669213465,,gene,210.0,45.0,1209.04,429.25999999999993,1164.7605471330787,,,,,,1165.323552,,,,,
2022_to_2015,4982,100,new,0.39848436713346236,0.39848436713346236,0.5683623249516359,,gene,150.0,22.0,60.959999999999994,48.26,689.6693463249517,,,,,,689.100984,,,,,
2022_to_2015,2965,210,new,0.39848264430893143,0.39848264430893143,0.5690083841507203,,gene,210.0,15.0,218.43999999999997,66.03999999999999,1898.8775356158494,,,,,,1899.4465440000001,,,,,
2022_to_2015,2402,412,new,0.39844363761377344,0.39844363761377344,0.5836358948349698,,gene,330.0,33.0,266.7,162.56,3637.5091641051654,,,,,,3638.0928000000004,,,,,
2022_to_2015,4783,274,new,0.39843092102406685,0.39843092102406685,0.5884046159749232,,gene,120.0,21.0,58.419999999999995,53.339999999999996,2613.1569393840255,,,,,,2613.7453440000004,,,,,
2022_to_2015,4466,108,new,0.39840338532045433,0.39840338532045433,0.5987305048296321,,gene,0.0,20.0,307.34,205.73999999999998,752.2145974951704,,,,,,752.8133280000001,,,,,
2022_to_2015,993,265,new,0.39835079400310863,0.39835079400310863,0.6184522488342736,,gene,120.0,12.0,256.53999999999996,165.1,2521.171196248835,,,,,,2520.5527440000005,,,,,
2022_to_2015,5161,59,new,0.3983504577140455,0.3983504577140455,0.6185783572329626,,gene,270.0,15.0,83.82,48.26,238.58541364276704,,,,,,239.203992,,,,,
2022_to_2015,3666,185,new,0.39835018533452604,0.39835018533452604,0.6186804995527382,,gene,270.0,21.0,335.28,137.16,1617.866144499553,,,,,,1617.2474640000003,,,,,
2022_to_2015,4391,123,new,0.39831594433704387,0.39831594433704387,0.6315208736085651,,gene,180.0,33.0,193.04,436.87999999999994,910.6625671263914,,,,,,911.294088,,,,,
2022_to_2015,1667,95,new,0.398315174104752,0.398315174104752,0.6318097107180165,,gene,90.0,12.0,160.01999999999998,83.82,628.7666977107181,,,,,,628.134888,,,,,
2022_to_2015,855,218,new,0.3983145666518164,0.3983145666518164,0.6320375055688601,,gene,0.0,13.0,152.39999999999998,33.019999999999996,1990.1051544944312,,,,,,1990.737192,,,,,
2022_to_2015,3488,82,new,0.3982972135017704,0.3982972135017704,0.6385449368361265,,corrosion,210.0,13.0,43.18,27.94,473.2248710631639,,,,,,473.86341600000003,,,,,
2022_to_2015,3875,198,new,0.398268685934246,0.398268685934246,0.6492427746577505,,gene,120.0,11.0,246.37999999999997,71.11999999999999,1754.5812187746578,,,,,,1753.931976,,,,,
2022_to_2015,5139,115,new,0.3982684864171164,0.3982684864171164,0.6493175935813724,,gene,180.0,17.0,38.099999999999994,30.479999999999997,837.6299304064187,,,,,,838.279248,,,,,
2022_to_2015,1796,53,new,0.3982501760608741,0.3982501760608741,0.6561839771722191,,,30.0,,574.04,,210.0293999771722,,,,,,209.37321599999999,,,,,
2022_to_2015,1751,490,new,0.3982141902730194,0.3982141902730194,0.6696786476177294,,gene,30.0,19.0,287.02,68.58,4320.705473352383,,,,,,4321.3751520000005,,,,,
2022_to_2015,1264,463,new,0.3981954841295495,0.3981954841295495,0.6766934514189415,,gene,270.0,24.0,314.96,139.7,4123.340458548581,,,,,,4124.017152,,,,,
2022_to_2015,601,267,new,0.3981478028677351,0.3981478028677351,0.6945739245993536,,gene,0.0,14.0,149.86,38.099999999999994,2544.293986075401,,,,,,2544.9885600000002,,,,,
2022_to_2015,257,171,new,0.3981355531660714,0.3981355531660714,0.6991675627232325,,corrosion,330.0,27.0,17.779999999999998,22.86,1467.3784795627232,,,,,,1466.679312,,,,,
2022_to_2015,450,122,new,0.3981248654711117,0.3981248654711117,0.703175448333127,,gene,210.0,16.0,231.14,50.8,899.7961194483332,,,,,,899.0929440000001,,,,,
2022_to_2015,2734,337,new,0.3981134797116683,0.3981134797116683,0.7074451081243751,,,0.0,,337.82,,3126.4070611081247,,,,,,3125.6996160000003,,,,,
2022_to_2015,4522,78,new,0.3980900920118171,0.3980900920118171,0.7162154955685764,,gene,150.0,21.0,78.74,134.61999999999998,427.2319994955686,,,,,,426.515784,,,,,
2022_to_2015,660,279,new,0.39807995165320975,0.39807995165320975,0.7200181300463555,,,300.0,,304.79999999999995,,2673.680525869954,,,,,,2674.4005440000005,,,,,
2022_to_2015,539,422,new,0.39807176613775663,0.39807176613775663,0.72308769834126,,,0.0,,454.6599999999999,,3748.5743676983416,,,,,,3747.8512800000003,,,,,
2022_to_2015,5041,98,new,0.3980586977147287,0.3980586977147287,0.7279883569767662,,,240.0,,269.23999999999995,,664.0194756430233,,,,,,664.747464,,,,,
2022_to_2015,2968,284,new,0.3980318805771616,0.3980318805771616,0.738044783564419,,gene,150.0,26.0,401.32,218.43999999999997,2735.4676527835645,,,,,,2734.729608,,,,,
2022_to_2015,4465,105,new,0.39800841258027836,0.39800841258027836,0.7468452823956113,,gene,60.0,14.0,104.13999999999999,88.89999999999999,720.3733787176045,,,,,,721.1202240000001,,,,,
2022_to_2015,2531,101,new,0.39800835595672746,0.39800835595672746,0.7468665162272146,,gene,120.0,25.0,241.29999999999998,134.61999999999998,702.0520425162272,,,,,,701.305176,,,,,
2022_to_2015,3679,262,new,0.3980046989630719,0.3980046989630719,0.7482378888480525,,gene,90.0,19.0,177.79999999999998,63.5,2484.654877888848,,,,,,2483.90664,,,,,
2022_to_2015,177,170,new,0.3979864825167103,0.3979864825167103,0.7550690562336513,,gene,180.0,15.0,33.019999999999996,35.559999999999995,1453.7322429437663,,,,,,1454.487312,,,,,
2022_to_2015,4193,197,new,0.39795906551212895,0.39795906551212895,0.7653504329516636,,axgr,90.0,14.0,40.64,17.779999999999998,1745.1046655670484,,,,,,1745.870016,,,,,
2022_to_2015,3192,216,new,0.3979470245264438,0.3979470245264438,0.7698658025835812,,gene,300.0,51.0,591.8199999999999,78.74,1965.5924701974163,,,,,,1966.362336,,,,,
2022_to_2015,3069,252,new,0.39793516915036287,0.39793516915036287,0.774311568613939,,gene,0.0,15.0,71.11999999999999,91.44,2371.441655568614,,,,,,2370.667344,,,,,
2022_to_2015,4710,96,new,0.39788793092801644,0.39788793092801644,0.7920259019938385,,,330.0,,203.2,,641.1493939019938,,,,,,640.357368,,,,,
2022_to_2015,3874,163,new,0.39787754142004816,0.39787754142004816,0.7959219674819451,,gene,120.0,13.0,223.52,60.959999999999994,1368.316910032518,,,,,,1369.112832,,,,,
2022_to_2015,3850,271,new,0.3978372867954143,0.3978372867954143,0.8110174517196356,,axgr,0.0,17.0,55.88,25.4,2577.90416145172,,,,,,2577.0931440000004,,,,,
2022_to_2015,4191,184,new,0.39780723616911506,0.39780723616911506,0.8222864365818623,,gene,150.0,15.0,73.66,101.6,1605.862510436582,,,,,,1605.040224,,,,,
2022_to_2015,2616,204,new,0.39780373967217386,0.39780373967217386,0.8235976229348125,,corrosion,240.0,20.0,43.18,27.94,1827.9929176229348,,,,,,1827.16932,,,,,
2022_to_2015,3200,250,new,0.3978002633556825,0.3978002633556825,0.8249012416190453,,gene,90.0,24.0,58.419999999999995,43.18,2345.4127227583813,,,,,,2346.2376240000003,,,,,
2022_to_2015,3664,182,new,0.39776755624992866,0.39776755624992866,0.837166406276765,,gene,120.0,12.0,406.4,73.66,1588.046590406277,,,,,,1587.2094240000001,,,,,
2022_to_2015,3788,20,new,0.39775462906151116,0.39775462906151116,0.84201410193333,,gene,180.0,24.0,116.83999999999999,48.26,38.44060989806667,,,,,,39.282624,,,,,
2022_to_2015,3204,275,new,0.3977317546587147,0.3977317546587147,0.8505920029820118,,gene,300.0,23.0,276.86,63.5,2626.803176002982,,,,,,2625.952584,,,,,
2022_to_2015,669,227,new,0.39772582051285404,0.39772582051285404,0.852817307679743,,gene,210.0,21.0,50.8,38.099999999999994,2092.9573453076796,,,,,,2092.104528,,,,,
2022_to_2015,1446,413,new,0.39771091006900927,0.39771091006900927,0.8584087241215457,,,330.0,,302.26,,3651.155400724122,,,,,,3650.2969920000005,,,,,
2022_to_2015,2736,416,new,0.3977090254083293,0.3977090254083293,0.859115471876521,,,0.0,,243.83999999999997,,3686.0291165281237,,,,,,3686.8882320000002,,,,,
2022_to_2015,709,23,new,0.39767412950571407,0.39767412950571407,0.8722014353572263,,cigr,120.0,25.0,17.779999999999998,43.18,66.61756143535723,,,,,,65.74536,,,,,
2022_to_2015,3534,88,new,0.3976489430956748,0.3976489430956748,0.8816463391219713,,,270.0,,513.0799999999999,,547.900110339122,,,,,,547.018464,,,,,
2022_to_2015,3026,42,new,0.397646034319799,0.397646034319799,0.8827371300753839,,gene,120.0,20.0,124.46000000000001,78.74,159.48778286992462,,,,,,160.37052,,,,,
2022_to_2015,3581,329,new,0.3976183367800368,0.3976183367800368,0.8931237074862111,,gene,270.0,23.0,93.98,50.8,3047.1830762925138,,,,,,3048.0762,,,,,
2022_to_2015,3233,135,new,0.39758010457989623,0.39758010457989623,0.9074607825389194,,gene,60.0,34.0,33.019999999999996,45.72,1033.7314047825391,,,,,,1032.8239440000002,,,,,
2022_to_2015,2567,70,new,0.39757866623215693,0.39757866623215693,0.908000162941164,,gene,210.0,13.0,213.35999999999999,71.11999999999999,327.7913678370589,,,,,,328.69936800000005,,,,,
2022_to_2015,3242,181,new,0.39757795656502704,0.39757795656502704,0.9082662881148735,,gene,60.0,16.0,139.7,68.58,1580.0862857118852,,,,,,1580.994552,,,,,
2022_to_2015,3461,263,new,0.39754494378633537,0.39754494378633537,0.9206460801242429,,,210.0,,472.44,,2497.037574080124,,,,,,2496.116928,,,,,
2022_to_2015,297,136,new,0.3974560327720665,0.3974560327720665,0.9539877104750758,,axgr,120.0,19.0,55.88,25.4,1044.092436289525,,,,,,1045.0464240000001,,,,,
2022_to_2015,2142,167,new,0.3974497089606248,0.3974497089606248,0.9563591397657092,,,210.0,,109.21999999999998,,1418.8585271397658,,,,,,1417.902168,,,,,
2022_to_2015,218,148,new,0.3974371393573899,0.3974371393573899,0.9610727409788069,,,330.0,,124.46000000000001,,1188.7678152590213,,,,,,1189.728888,,,,,
2022_to_2015,1737,80,new,0.3974020871482999,0.3974020871482999,0.9742173193875487,,axgr,30.0,15.0,63.5,27.94,448.45947868061245,,,,,,449.433696,,,,,
2022_to_2015,4137,157,new,0.39739949901725113,0.39739949901725113,0.9751878685308384,,gene,120.0,35.0,751.84,353.06,1296.926875868531,,,,,,1295.951688,,,,,
2022_to_2015,4125,234,new,0.3973952333550139,0.3973952333550139,0.9767874918697999,,gene,150.0,16.0,119.38,68.58,2176.22465949187,,,,,,2175.2478720000004,,,,,
2022_to_2015,5148,260,new,0.3973612774289262,0.3973612774289262,0.989520964152689,,gene,150.0,14.0,83.82,35.559999999999995,2458.4995910358475,,,,,,2459.489112,,,,,
2022_to_2015,4796,164,new,0.3973589762546387,0.3973589762546387,0.9903839045105087,,,0.0,,160.01999999999998,,1380.3205440954894,,,,,,1381.3109279999999,,,,,
2022_to_2015,3876,318,new,0.3973416081300736,0.3973416081300736,0.9968969512224248,,gene,120.0,12.0,76.19999999999999,33.019999999999996,2984.1324089512227,,,,,,2983.1355120000003,,,,,
2022_to_2015,3385,435,new,0.39733953252901366,0.39733953252901366,0.9976753016198927,,corrosion,150.0,13.0,25.4,17.779999999999998,3865.57821130162,,,,,,3864.580536,,,,,
2022_to_2015,1821,223,new,0.39733617689426687,0.39733617689426687,0.9989336646499396,,gene,0.0,14.0,193.04,45.72,2052.65040566465,,,,,,2051.651472,,,,,
2022_to_2015,3237,166,new,0.39733267826596363,0.39733267826596363,1.0002456502636505,,gene,300.0,22.0,55.88,33.019999999999996,1404.7068743497364,,,,,,1405.70712,,,,,
2022_to_2015,422,486,new,0.39729520496790793,0.39729520496790793,1.0142981370345296,,,330.0,,236.22,,4281.662074137035,,,,,,4280.647776000001,,,,,
2022_to_2015,625,270,new,0.39725068552426457,0.39725068552426457,1.0309929284007922,,cisl,0.0,28.0,5.08,27.94,2570.449272928401,,,,,,2569.4182800000003,,,,,
2022_to_2015,4308,286,new,0.3972445559515363,0.3972445559515363,1.0332915181738827,,gene,330.0,36.0,33.019999999999996,43.18,2758.211380481826,,,,,,2759.244672,,,,,
2022_to_2015,4872,28,new,0.3972300976211677,0.3972300976211677,1.0387133920621352,,gene,300.0,10.0,170.18,48.26,105.53460660793786,,,,,,106.57332,,,,,
2022_to_2015,3055,213,new,0.39720699692674866,0.39720699692674866,1.047376152469269,,gene,120.0,14.0,45.72,30.479999999999997,1935.014791847531,,,,,,1936.0621680000002,,,,,
2022_to_2015,1062,151,new,0.3971560683173533,0.3971560683173533,1.0664743809925312,,,300.0,,193.04,,1225.2841336190074,,,,,,1226.350608,,,,,
2022_to_2015,3004,177,new,0.39712461112378694,0.39712461112378694,1.078270828579889,,gene,30.0,19.0,91.44,45.72,1536.11507882858,,,,,,1535.036808,,,,,
2022_to_2015,639,387,new,0.39712415197031564,0.39712415197031564,1.0784430111316397,,,0.0,,127.0,,3356.4977729888687,,,,,,3357.5762160000004,,,,,
2022_to_2015,1122,139,new,0.39710180973203024,0.39710180973203024,1.0868213504886626,,gene,300.0,11.0,553.72,88.89999999999999,1080.6087546495114,,,,,,1081.695576,,,,,
2022_to_2015,4521,77,new,0.39707800732881926,0.39707800732881926,1.095747251692785,,gene,120.0,13.0,86.36,55.88,413.20670074830724,,,,,,414.302448,,,,,
2022_to_2015,964,187,new,0.3970562991941709,0.3970562991941709,1.103887802185909,,,270.0,,157.48,,1640.6098721978142,,,,,,1641.71376,,,,,
2022_to_2015,4551,281,new,0.3970509493223908,0.3970509493223908,1.1058940041034475,,,120.0,,288.79799999999994,141.986,2697.6877939958968,,,,,,2698.793688,,,,,
2022_to_2015,2986,244,new,0.3970216090816163,0.3970216090816163,1.1168965943938929,,gene,270.0,11.0,167.64,81.28,2274.022688594394,,,,,,2272.905792,,,,,
2022_to_2015,4093,400,new,0.3970137137948126,0.3970137137948126,1.1198573269452936,,gene,150.0,21.0,193.04,101.6,3505.216481326945,,,,,,3504.096624,,,,,
2022_to_2015,1774,334,new,0.3969715575035941,0.3969715575035941,1.135665936152236,,gene,0.0,46.0,754.38,327.65999999999997,3087.869078063848,,,,,,3089.0047440000003,,,,,
2022_to_2015,1274,79,new,0.3969623013401449,0.3969623013401449,1.1391369974456893,,gene,240.0,13.0,91.44,45.72,437.59303100255437,,,,,,438.73216800000006,,,,,
2022_to_2015,318,92,new,0.39694199072257047,0.39694199072257047,1.1467534790360787,,axgr,180.0,11.0,73.66,22.86,592.6294414790361,,,,,,591.482688,,,,,
2022_to_2015,637,138,new,0.3969153672777872,0.3969153672777872,1.156737270829808,,,0.0,,147.32,,1070.62678527083,,,,,,1069.4700480000001,,,,,
2022_to_2015,3558,211,new,0.3969126068013757,0.3969126068013757,1.1577724494841277,,gene,120.0,35.0,55.88,50.8,1910.502107550516,,,,,,1911.6598800000002,,,,,
2022_to_2015,486,90,new,0.39690460439175057,0.39690460439175057,1.160773353093532,,gene,150.0,16.0,172.72,88.89999999999999,568.6221733530936,,,,,,567.4614,,,,,
2022_to_2015,4452,229,new,0.3968974156736986,0.3968974156736986,1.1634691223630398,,gene,60.0,13.0,279.4,55.88,2115.3220108776372,,,,,,2116.4854800000003,,,,,
2022_to_2015,4620,150,new,0.39689362069246337,0.39689362069246337,1.1648922403262532,,gene,210.0,19.0,185.42,73.66,1215.3021642403262,,,,,,1214.137272,,,,,
2022_to_2015,4349,118,new,0.39687904703493465,0.39687904703493465,1.1703573618995051,,gene,30.0,19.0,71.11999999999999,45.72,873.7671866381006,,,,,,874.9375440000001,,,,,
2022_to_2015,4957,385,new,0.39686227384494366,0.39686227384494366,1.17664730814613,,,240.0,,223.52,,3331.985088691854,,,,,,3333.161736,,,,,
2022_to_2015,3847,261,new,0.3968345842635172,0.3968345842635172,1.1870309011810605,,corrosion,240.0,48.0,27.94,50.8,2470.5032250988193,,,,,,2471.6902560000003,,,,,
2022_to_2015,4899,290,new,0.39683245397294503,0.39683245397294503,1.1878297601456325,,,300.0,,292.09999999999997,,2809.2584137601457,,,,,,2808.070584,,,,,
2022_to_2015,4147,277,new,0.39678285718569417,0.39678285718569417,1.2064285553647096,,gene,120.0,23.0,304.79999999999995,60.959999999999994,2648.788779444635,,,,,,2649.995208,,,,,
2022_to_2015,1196,152,new,0.3967211505670906,0.3967211505670906,1.2295685373410379,,gene,240.0,13.0,111.76,66.03999999999999,1239.814848537341,,,,,,1238.58528,,,,,
2022_to_2015,4573,58,new,0.39669007701480535,0.39669007701480535,1.2412211194479994,,,300.0,,203.2,,231.130525119448,,,,,,229.889304,,,,,
2022_to_2015,4067,235,new,0.39668696765480493,0.39668696765480493,1.2423871294481614,,gene,150.0,30.0,228.6,109.21999999999998,2186.206628870552,,,,,,2187.449016,,,,,
2022_to_2015,3484,44,new,0.39667392798897916,0.39667392798897916,1.247277004132826,,corrosion,210.0,16.0,27.94,35.559999999999995,183.4950509958672,,,,,,184.74232800000001,,,,,
2022_to_2015,2123,209,new,0.3966588566760032,0.3966588566760032,1.2529287464988101,,gene,210.0,22.0,55.88,81.28,1885.9894232535012,,,,,,1887.242352,,,,,
2022_to_2015,5188,411,new,0.39663610598084414,0.39663610598084414,1.261460257183444,,gene,120.0,19.0,99.05999999999999,137.16,3624.6210517428167,,,,,,3625.882512,,,,,
2022_to_2015,2185,440,new,0.3966279412155794,0.3966279412155794,1.2645220441577294,,,240.0,,154.93999999999997,,3926.859922044158,,,,,,3925.5954,,,,,
2022_to_2015,3650,140,new,0.39660762856662046,0.39660762856662046,1.2721392875173478,,gene,60.0,23.0,30.479999999999997,30.479999999999997,1092.6123887124827,,,,,,1093.884528,,,,,
2022_to_2015,5105,54,new,0.39657058863942457,0.39657058863942457,1.2860292602157983,,,240.0,32.0,43.18,,213.8200212602158,,,,,,212.533992,,,,,
2022_to_2015,2116,175,new,0.39655739772440457,0.39655739772440457,1.2909758533483,,gene,180.0,24.0,218.43999999999997,119.38,1510.4652081466518,,,,,,1511.756184,,,,,
2022_to_2015,2532,112,new,0.3965522767728632,0.3965522767728632,1.292896210176309,,gene,150.0,19.0,335.28,180.33999999999997,800.3554877898237,,,,,,801.648384,,,,,
2022_to_2015,2024,193,new,0.3965487077621359,0.3965487077621359,1.2942345891990499,,,210.0,,66.03999999999999,,1703.281477410801,,,,,,1704.575712,,,,,
2022_to_2015,937,224,new,0.39648258160348393,0.39648258160348393,1.319031898693538,,gene,240.0,11.0,154.93999999999997,48.26,2065.1594558986935,,,,,,2063.840424,,,,,
2022_to_2015,1041,230,new,0.3964601305082882,0.3964601305082882,1.327451059391933,,gene,120.0,17.0,510.54,78.74,2127.3256449406085,,,,,,2128.6530960000005,,,,,
2022_to_2015,3276,399,new,0.396397612629405,0.396397612629405,1.3508952639731433,,gene,120.0,50.0,619.7599999999999,111.76,3493.2128472639733,,,,,,3491.861952,,,,,
2022_to_2015,581,221,new,0.39639658256344656,0.39639658256344656,1.3512815387075534,,,270.0,,218.43999999999997,,2028.6431375387078,,,,,,2027.2918560000003,,,,,
2022_to_2015,1519,233,new,0.3963356815294307,0.3963356815294307,1.3741194264634942,,,30.0,,287.02,,2161.6939445735366,,,,,,2163.068064,,,,,
2022_to_2015,4045,278,new,0.396280548020283,0.396280548020283,1.3947944923938849,,gene,150.0,19.0,33.019999999999996,43.18,2660.792413507606,,,,,,2662.187208,,,,,
2022_to_2015,4195,203,new,0.39626621416462093,0.39626621416462093,1.4001696882671695,,corrosion,150.0,15.0,30.479999999999997,22.86,1816.3683456882673,,,,,,1814.968176,,,,,
2022_to_2015,897,390,new,0.39617139173739274,0.39617139173739274,1.435728098477739,,,300.0,,177.79999999999998,,3383.411184098478,,,,,,3381.975456,,,,,
2022_to_2015,2511,93,new,0.396145291431787,0.396145291431787,1.4455157130798852,,gene,180.0,49.0,302.26,215.89999999999998,605.1384917130799,,,,,,603.692976,,,,,
2022_to_2015,870,22,new,0.3961040919981593,0.3961040919981593,1.4609655006902713,,gene,210.0,16.0,73.66,30.479999999999997,54.99298950069027,,,,,,53.532024,,,,,
2022_to_2015,1445,382,new,0.3960837445428345,0.3960837445428345,1.4685957964370573,,,330.0,,335.28,,3295.089708203563,,,,,,3296.558304,,,,,
2022_to_2015,1908,106,new,0.39607107451079027,0.39607107451079027,1.473347058453669,,gene,30.0,30.0,441.9599999999999,144.78,726.9437889415465,,,,,,728.4171360000001,,,,,
2022_to_2015,4302,194,new,0.3960155575090139,0.3960155575090139,1.494165934119792,,gene,0.0,21.0,154.93999999999997,116.83999999999999,1710.73636593412,,,,,,1709.2422000000001,,,,,
2022_to_2015,1121,134,new,0.39601006707234077,0.39601006707234077,1.496224847872213,,gene,330.0,10.0,88.89999999999999,58.419999999999995,1022.1068328478723,,,,,,1020.6106080000001,,,,,
2022_to_2015,4771,65,new,0.39592602158732326,0.39592602158732326,1.527741904753782,,gene,300.0,13.0,203.2,53.339999999999996,292.5385899047538,,,,,,291.010848,,,,,
2022_to_2015,3190,215,new,0.39587138436932645,0.39587138436932645,1.5482308615025886,,gene,240.0,23.0,213.35999999999999,66.03999999999999,1955.7368548615027,,,,,,1954.1886240000001,,,,,
2022_to_2015,3964,63,new,0.3958557483681158,0.3958557483681158,1.5540943619565724,,gene,60.0,15.0,109.21999999999998,121.91999999999999,285.8418256380434,,,,,,287.39592,,,,,
2022_to_2015,266,133,new,0.3957885911278133,0.3957885911278133,1.5792783270700284,,corrosion,330.0,24.0,22.86,27.94,1006.81799367293,,,,,,1008.397272,,,,,
2022_to_2015,4347,94,new,0.39571804825505175,0.39571804825505175,1.6057319043555935,,gene,30.0,14.0,83.82,35.559999999999995,617.5211879043557,,,,,,615.9154560000001,,,,,
2022_to_2015,3248,202,new,0.3956988809992108,0.3956988809992108,1.6129196252959446,,corrosion,60.0,14.0,33.019999999999996,25.4,1804.364711625296,,,,,,1802.751792,,,,,
2022_to_2015,1393,409,new,0.39559600940736833,0.39559600940736833,1.651496472236886,,gene,150.0,20.0,614.68,487.67999999999995,3603.140864472237,,,,,,3601.489368,,,,,
2022_to_2015,26,186,new,0.3955724613594515,0.3955724613594515,1.6603269902057036,,gene,150.0,30.0,76.19999999999999,101.6,1631.1333189902057,,,,,,1629.472992,,,,,
2022_to_2015,3648,131,new,0.3955429690024397,0.3955429690024397,1.6713866240851303,,gene,90.0,15.0,50.8,33.019999999999996,982.3053093759149,,,,,,983.9766960000001,,,,,
2022_to_2015,4129,268,new,0.39544935863132924,0.39544935863132924,1.7064905132515378,,gene,120.0,13.0,38.099999999999994,38.099999999999994,2548.4636694867486,,,,,,2550.17016,,,,,
2022_to_2015,1104,155,new,0.39542468834428657,0.39542468834428657,1.7157418708925434,,gene,240.0,12.0,83.82,55.88,1273.2986698708926,,,,,,1271.582928,,,,,
2022_to_2015,4677,285,new,0.3953679486020883,0.3953679486020883,1.737019274216891,,gene,150.0,23.0,116.83999999999999,71.11999999999999,2748.734827274217,,,,,,2746.997808,,,,,
2022_to_2015,990,149,new,0.3953317111849089,0.3953317111849089,1.7506083056591706,,gene,120.0,13.0,226.06,71.11999999999999,1203.6775923056591,,,,,,1201.926984,,,,,
2022_to_2015,5168,130,new,0.39513198182570436,0.39513198182570436,1.8255068153608818,,gene,270.0,20.0,86.36,86.36,969.9226131846392,,,,,,971.7481200000001,,,,,
2022_to_2015,3179,141,new,0.39507823105906514,0.39507823105906514,1.845663352850579,,gene,240.0,41.0,144.78,101.6,1104.2369606471495,,,,,,1106.0826240000001,,,,,
2022_to_2015,3068,247,new,0.3950497353233138,0.3950497353233138,1.8563492537573438,,gene,120.0,13.0,30.479999999999997,33.019999999999996,2311.4234852537575,,,,,,2309.567136,,,,,
2022_to_2015,4898,225,new,0.3950451683270294,0.3950451683270294,1.8580618773639799,,,300.0,,449.58,,2071.729866122636,,,,,,2073.587928,,,,,
2022_to_2015,4066,231,new,0.39501420306191115,0.39501420306191115,1.8696738517833182,,gene,90.0,18.0,38.099999999999994,40.64,2136.802198148217,,,,,,2138.6718720000003,,,,,
2022_to_2015,3971,205,new,0.39498537569710124,0.39498537569710124,1.8804841135870447,,gene,120.0,16.0,187.96,60.959999999999994,1841.2600921135872,,,,,,1839.3796080000002,,,,,
2022_to_2015,1775,339,new,0.39498166455986095,0.39498166455986095,1.8818757900521632,,gene,300.0,28.0,419.09999999999997,165.1,3152.056931790052,,,,,,3150.175056,,,,,
2022_to_2015,2571,392,new,0.3948255292698729,0.3948255292698729,1.9404265237976688,,gene,210.0,14.0,213.35999999999999,53.339999999999996,3408.302930523798,,,,,,3406.362504,,,,,
2022_to_2015,1512,190,new,0.394773893670638,0.394773893670638,1.959789873510772,,,330.0,,200.66,,1675.1045258735107,,,,,,1673.144736,,,,,
2022_to_2015,3505,396,new,0.3946631011331762,0.3946631011331762,2.0013370750589274,,gene,240.0,54.0,114.3,35.559999999999995,3457.201945075059,,,,,,3455.200608,,,,,
2022_to_2015,912,174,new,0.39460356209147723,0.39460356209147723,2.0236642156960443,,gene,240.0,12.0,134.61999999999998,30.479999999999997,1497.577095784304,,,,,,1499.60076,,,,,
2022_to_2015,256,147,new,0.3945862633823163,0.3945862633823163,2.0301512316314074,,corrosion,330.0,16.0,33.019999999999996,22.86,1175.5006407683686,,,,,,1177.530792,,,,,
2022_to_2015,5064,156,new,0.39456296505350297,0.39456296505350297,2.0388881049364045,,gene,180.0,26.0,83.82,68.58,1285.8077201049366,,,,,,1283.7688320000002,,,,,
2022_to_2015,1063,168,new,0.39442018725085415,0.39442018725085415,2.092429780929706,,,300.0,,101.6,,1427.9560182190705,,,,,,1430.0484480000002,,,,,
2022_to_2015,4817,14,new,0.39439249295812284,0.39439249295812284,2.1028151407039566,,cisl,90.0,32.0,5.08,17.779999999999998,18.476671140703957,,,,,,16.373856,,,,,
2022_to_2015,911,161,new,0.3941974541541913,0.3941974541541913,2.1759546921782658,,gene,240.0,12.0,83.82,38.099999999999994,1342.5406853078218,,,,,,1344.71664,,,,,
2022_to_2015,2444,74,new,0.3941847092283729,0.3941847092283729,2.180734039360175,,corrosion,0.0,26.0,35.559999999999995,27.94,375.4268419606398,,,,,,377.607576,,,,,
2022_to_2015,2406,499,new,0.3941637854308623,0.3941637854308623,2.1885804634266606,,gene,30.0,31.0,251.46,132.07999999999998,4403.972787536573,,,,,,4406.161368,,,,,
2022_to_2015,472,395,new,0.3941120239677645,0.3941120239677645,2.207991012088314,,gene,150.0,21.0,111.76,35.559999999999995,3445.198311012088,,,,,,3442.99032,,,,,
2022_to_2015,4095,415,new,0.3940389508031525,0.3940389508031525,2.235393448817831,,gene,150.0,22.0,241.29999999999998,73.66,3676.931625448818,,,,,,3674.6962320000002,,,,,
2022_to_2015,2003,228,new,0.39403028369862536,0.39403028369862536,2.2386436130154834,,,300.0,,187.96,,2102.054836386985,,,,,,2104.2934800000003,,,,,
2022_to_2015,2175,394,new,0.39398024897785705,0.39398024897785705,2.257406633303617,,gene,180.0,42.0,127.0,139.7,3428.5195773666965,,,,,,3430.776984,,,,,
2022_to_2015,433,256,new,0.39383753615174527,0.39383753615174527,2.3109239430955313,,gene,180.0,16.0,91.44,71.11999999999999,2408.3370360569047,,,,,,2410.6479600000002,,,,,
2022_to_2015,3386,439,new,0.3938229405283795,0.3938229405283795,2.3163973018577053,,gene,180.0,13.0,45.72,33.019999999999996,3911.0656666981426,,,,,,3913.3820640000004,,,,,
2022_to_2015,3601,417,new,0.3938210191024349,0.3938210191024349,2.317117836586931,,gene,60.0,38.0,304.79999999999995,93.98,3696.7692101634134,,,,,,3699.0863280000003,,,,,
2022_to_2015,2067,208,new,0.3937332150792833,0.3937332150792833,2.3500443452687705,,,90.0,,335.28,,1877.3973483452687,,,,,,1875.047304,,,,,
2022_to_2015,3844,243,new,0.3936849367763935,0.3936849367763935,2.368148708852459,,gene,240.0,79.0,45.72,40.64,2258.3547872911477,,,,,,2260.722936,,,,,
2022_to_2015,4127,249,new,0.39368289092441777,0.39368289092441777,2.36891590334335,,axgr,120.0,14.0,50.8,17.779999999999998,2331.640132096657,,,,,,2334.0090480000003,,,,,
2022_to_2015,1156,60,new,0.39367357717039797,0.39367357717039797,2.3724085611007695,,corrosion,120.0,14.0,25.4,25.4,253.11612856110077,,,,,,250.74372,,,,,
2022_to_2015,3669,200,new,0.3935858943262453,0.3935858943262453,2.4052896276580213,,gene,270.0,21.0,233.67999999999998,124.46000000000001,1780.736505627658,,,,,,1778.331216,,,,,
2022_to_2015,3774,494,new,0.39354160211742906,0.39354160211742906,2.4218992059641096,,gene,120.0,15.0,55.88,40.64,4342.691076794036,,,,,,4345.112976,,,,,
2022_to_2015,252,89,new,0.3935218933522101,0.3935218933522101,2.4292899929212126,,corrosion,150.0,23.0,25.4,20.32,552.8279180070788,,,,,,555.257208,,,,,
2022_to_2015,2718,430,new,0.3935197693832379,0.3935197693832379,2.430086481285798,,,30.0,,256.53999999999996,,3833.610638481286,,,,,,3831.1805520000003,,,,,
2022_to_2015,1143,445,new,0.39351644530782387,0.39351644530782387,2.4313330095660604,,,330.0,,137.16,,3982.8347629904342,,,,,,3985.2660960000003,,,,,
2022_to_2015,3339,26,new,0.3934872494249012,0.3934872494249012,2.442281465662049,,gene,270.0,12.0,48.26,33.019999999999996,84.43348146566206,,,,,,81.9912,,,,,
2022_to_2015,235,109,new,0.39347203467241615,0.39347203467241615,2.447986997843941,,gene,0.0,11.0,106.67999999999999,33.019999999999996,762.5756290021561,,,,,,765.0236160000001,,,,,
2022_to_2015,1049,443,new,0.3934501631151349,0.3934501631151349,2.45618883182442,,,330.0,,304.79999999999995,,3964.6397808318247,,,,,,3962.1835920000003,,,,,
2022_to_2015,3812,498,new,0.39318766129798804,0.39318766129798804,2.5546270132545033,,gene,330.0,16.0,93.98,137.16,4396.5178990132545,,,,,,4393.963272,,,,,
2022_to_2015,3685,280,new,0.3931486010051728,0.3931486010051728,2.5692746230602097,,gene,240.0,22.0,38.099999999999994,43.18,2684.04155737694,,,,,,2686.6108320000003,,,,,
2022_to_2015,501,238,new,0.3930201994742857,0.3930201994742857,2.617425197142893,,gene,150.0,20.0,109.21999999999998,60.959999999999994,2221.4594068028573,,,,,,2224.076832,,,,,
2022_to_2015,4365,276,new,0.39295662121061953,0.39295662121061953,2.641267046017674,,gene,300.0,18.0,215.89999999999998,144.78,2635.521604953982,,,,,,2638.162872,,,,,
2022_to_2015,1017,289,new,0.3929281916670516,0.3929281916670516,2.651928124855658,,,120.0,,152.39999999999998,,2798.518320124856,,,,,,2795.8663920000004,,,,,
2022_to_2015,3075,313,new,0.39290343297598884,0.39290343297598884,2.661212634004187,,gene,120.0,12.0,198.11999999999998,83.82,2947.742444634004,,,,,,2945.081232,,,,,
2022_to_2015,3596,397,new,0.39287182550024713,0.39287182550024713,2.673065437407331,,gene,90.0,25.0,50.8,60.959999999999994,3470.0900574374077,,,,,,3467.4169920000004,,,,,
2022_to_2015,2154,180,new,0.3928029519056636,0.3928029519056636,2.698893035376159,,,210.0,,198.11999999999998,,1566.0609869646241,,,,,,1568.7598800000003,,,,,
2022_to_2015,4104,497,new,0.39260407213257714,0.39260407213257714,2.773472950283576,,gene,120.0,24.0,124.46000000000001,137.16,4384.514264950284,,,,,,4381.7407920000005,,,,,
2022_to_2015,3163,87,new,0.3917911063061414,0.3917911063061414,3.078335135196994,,axgr,240.0,19.0,40.64,15.239999999999998,531.726792864803,,,,,,534.805128,,,,,
2022_to_2015,3127,444,new,0.3916438896748963,0.3916438896748963,3.133541371913907,,gene,300.0,38.0,68.58,60.959999999999994,3969.9466506280864,,,,,,3973.0801920000004,,,,,
2022_to_2015,1142,431,new,0.39164223323987246,0.39164223323987246,3.1341625350478353,,,330.0,,149.86,,3836.5167814649526,,,,,,3839.6509440000004,,,,,
2022_to_2015,3924,173,new,0.39141484087378015,0.39141484087378015,3.2194346723324543,,gene,330.0,10.0,157.48,71.11999999999999,1494.2918906723326,,,,,,1491.072456,,,,,
2022_to_2015,1722,391,new,0.3912988510780282,0.3912988510780282,3.2629308457394472,,gene,210.0,12.0,195.57999999999998,93.98,3397.4364828457396,,,,,,3394.173552,,,,,
2022_to_2015,3011,338,new,0.3911051997014717,0.3911051997014717,3.3355501119481232,,gene,30.0,10.0,160.01999999999998,40.64,3134.6200738880516,,,,,,3137.9556239999997,,,,,
2022_to_2015,1882,241,new,0.3910043601027586,0.3910043601027586,3.3733649614655405,,gene,120.0,10.0,93.98,76.19999999999999,2239.654388961466,,,,,,2236.2810240000003,,,,,
2022_to_2015,2429,437,new,0.3906757162367212,0.3906757162367212,3.49660641122955,,gene,180.0,43.0,680.72,238.76,3892.49162241123,,,,,,3888.9950160000003,,,,,
2022_to_2015,4622,500,new,0.3905639552390203,0.3905639552390203,3.538516785367392,,gene,300.0,16.0,337.82,147.32,4414.839235214633,,,,,,4418.377752,,,,,
2022_to_2015,4816,0,new,0.39037973909173085,0.39037973909173085,3.6075978406009455,,cisl,90.0,23.0,5.08,17.779999999999998,-8.057677840600945,,,,,,-4.45008,,,,,
2022_to_2015,4381,327,new,0.39020099312554885,0.39020099312554885,3.674627577919182,,gene,240.0,15.0,220.97999999999996,215.89999999999998,3027.3454915779193,,,,,,3023.670864,,,,,
2022_to_2015,3760,326,new,0.390149693196962,0.390149693196962,3.6938650511392552,,,240.0,,182.88,,3007.760614948861,,,,,,3011.4544800000003,,,,,
2022_to_2015,2893,125,new,0.3897452708978538,0.3897452708978538,3.845523413304818,,,240.0,,317.5,,929.2366114133049,,,,,,925.3910880000001,,,,,
2022_to_2015,1783,314,new,0.38946181912974986,0.38946181912974986,3.951817826343813,,gene,120.0,24.0,243.83999999999997,713.74,2952.291190173656,,,,,,2956.243008,,,,,
2022_to_2015,3952,401,new,0.38927813259189137,0.38927813259189137,4.020700278040749,,gene,150.0,15.0,60.959999999999994,106.67999999999999,3512.2923077219593,,,,,,3516.313008,,,,,
2022_to_2015,3752,393,new,0.3881375159763496,0.3881375159763496,4.448431508868907,,,0.0,,170.18,,3414.1152164911314,,,,,,3418.5636480000003,,,,,
2022_to_2015,313,402,new,0.3880563127041848,0.3880563127041848,4.478882735930711,,,150.0,,327.65999999999997,,3533.0143707359307,,,,,,3528.535488,,,,,
2022_to_2015,4625,501,new,0.3876461412752712,0.3876461412752712,4.6326970217733106,,gene,330.0,24.0,53.339999999999996,71.11999999999999,4425.958390978227,,,,,,4430.591088,,,,,
2022_to_2015,3283,425,new,0.3871807080933565,0.3871807080933565,4.807234464991325,,gene,120.0,50.0,909.3199999999998,170.18,3777.635797535009,,,,,,3782.443032,,,,,
2022_to_2015,3599,406,new,0.3871070717021552,0.3871070717021552,4.8348481116918265,,gene,60.0,35.0,256.53999999999996,68.58,3560.0541358883083,,,,,,3564.888984,,,,,
2022_to_2015,4153,325,new,0.38701803628566755,0.38701803628566755,4.868236392874678,,gene,120.0,11.0,88.89999999999999,45.72,3006.1180123928752,,,,,,3001.2497760000006,,,,,
2022_to_2015,655,464,new,0.38683177978963557,0.38683177978963557,4.938082578886679,,,240.0,,307.34,,4141.156378578887,,,,,,4136.218296,,,,,
2022_to_2015,578,423,new,0.38612339908338134,0.38612339908338134,5.203725343732003,,,60.0,,266.7,,3765.2531013437324,,,,,,3760.0493760000004,,,,,
2022_to_2015,1031,288,new,0.38536018997116966,0.38536018997116966,5.489928760811381,,,90.0,,248.92000000000002,,2778.175319239189,,,,,,2783.6652480000002,,,,,
2022_to_2015,294,55,new,0.3840744878084597,0.3840744878084597,5.97206707182761,,corrosion,120.0,19.0,38.099999999999994,20.32,218.7478289281724,,,,,,224.719896,,,,,
2022_to_2015,4085,316,new,0.383800575316304,0.383800575316304,6.07478425638601,,gene,120.0,13.0,68.58,53.339999999999996,2974.6558557436138,,,,,,2980.7306399999998,,,,,
2022_to_2015,4908,407,new,0.38376041142700346,0.38376041142700346,6.089845714873718,,,180.0,,459.486,141.986,3583.176925714874,,,,,,3577.0870800000002,,,,,
